actor,nepo,num_films,total_gross_cr,year_1,movie_1,gross_cr_1,year_2,movie_2,gross_cr_2,year_3,movie_3,gross_cr_3,year_4,movie_4,gross_cr_4,year_5,movie_5,gross_cr_5,year_6,movie_6,gross_cr_6,year_7,movie_7,gross_cr_7,year_8,movie_8,gross_cr_8,year_9,movie_9,gross_cr_9,year_10,movie_10,gross_cr_10,year_11,movie_11,gross_cr_11,year_12,movie_12,gross_cr_12,year_13,movie_13,gross_cr_13,year_14,movie_14,gross_cr_14,year_15,movie_15,gross_cr_15,year_16,movie_16,gross_cr_16,year_17,movie_17,gross_cr_17,year_18,movie_18,gross_cr_18,year_19,movie_19,gross_cr_19,year_20,movie_20,gross_cr_20,year_21,movie_21,gross_cr_21,year_22,movie_22,gross_cr_22
Akshay Kumar,no,22,1517.31,2001,Ek Rishtaa: The Bond of Love,36.50,2002,Aankhen,33.80,2002,Awara Paagal Deewana,27.58,2003,Andaaz,28.81,2004,Aitraaz,29.00,2004,Khakee,49.89,2004,Mujhse Shaadi Karogi,62.00,2005,Garam Masala,64.65,2005,Waqt: The Race Against Time,42.49,2006,Bhagam Bhag,67.00,2006,Phir Hera Pheri,69.00,2007,Bhool Bhulaiyaa,83.00,2007,Heyy Babyy,84.00,2007,Namastey London,71.40,2007,Welcome,122.00,2008,Singh Is Kinng,136.00,2009,Blue,63.92,2009,De Dana Dan,81.85,2009,Kambakkht Ishq,85.56,2010,Housefull,114.18,2010,Khatta Meetha,62.79,2010,Tees Maar Khan,101.89
Shah Rukh Khan,no,17,1650.78,2000,Josh,35.06,2000,Mohabbatein,76.91,2001,Kabhi Khushi Kabhie Gham,135.53,2002,Devdas,90.00,2002,Hum Tumhare Hain Sanam,34.76,2003,Chalte Chalte,43.29,2003,Kal Ho Naa Ho,86.09,2004,Main Hoon Na,84.00,2004,Swades,40.20,2004,Veer-Zaara,97.64,2006,Don: The Chase Begins Again,106.00,2006,Kabhi Alvida Naa Kehna,113.00,2007,Chak De! India,109.00,2007,Om Shanti Om,152.00,2008,Bhoothnath,70.00,2008,Rab Ne Bana Di Jodi,157.00,2010,My Name Is Khan,220.30,,,,,,,,,,,,,,,
Amitabh Bachchan,no,14,871.24,2000,Mohabbatein,76.91,2001,Ek Rishtaa: The Bond of Love,36.50,2001,Kabhi Khushi Kabhie Gham,135.53,2002,Aankhen,33.80,2002,Kaante,36.37,2003,Baghban,43.11,2004,Khakee,49.89,2005,Black,40.94,2005,Bunty Aur Babli,90.40,2005,Sarkar,39.30,2005,Waqt: The Race Against Time,42.49,2006,Kabhi Alvida Naa Kehna,113.00,2008,Bhoothnath,70.00,2008,Sarkar Raj,63.00,,,,,,,,,,,,,,,,,,,,,,,,
Abhishek Bachchan,yes,12,845.10,2000,Refugee,35.44,2003,LOC: Kargil,31.67,2003,Main Prem Ki Diwani Hoon,39.31,2004,Dhoom,72.47,2005,Bunty Aur Babli,90.40,2005,Dus,38.84,2005,Sarkar,39.30,2006,Dhoom 2,151.00,2006,Kabhi Alvida Naa Kehna,113.00,2007,Guru,83.67,2008,Dostana,87.00,2008,Sarkar Raj,63.00,,,,,,,,,,,,,,,,,,,,,,,,,,,,,,
Katrina Kaif,no,12,1161.86,2005,Maine Pyaar Kyun Kiya?,47.22,2007,Namastey London,71.40,2007,Partner,101.00,2007,Welcome,122.00,2008,Race,106.00,2008,Singh Is Kinng,136.00,2009,Ajab Prem Ki Ghazab Kahani,106.74,2009,Blue,63.92,2009,De Dana Dan,81.85,2009,New York,78.34,2010,Raajneeti,145.50,2010,Tees Maar Khan,101.89,,,,,,,,,,,,,,,,,,,,,,,,,,,,,,
Rani Mukerji,yes,12,683.79,2000,Har Dil Jo Pyar Karega,32.45,2001,Chori Chori Chupke Chupke,37.51,2002,Mujhse Dosti Karoge!,33.61,2002,Saathiya,29.15,2003,Chalte Chalte,43.29,2004,Hum Tum,43.22,2004,Veer-Zaara,97.64,2005,Black,40.94,2005,Bunty Aur Babli,90.40,2005,Mangal Pandey: The Rising,52.58,2006,Kabhi Alvida Naa Kehna,113.00,2007,Ta Ra Rum Pum,70.00,,,,,,,,,,,,,,,,,,,,,,,,,,,,,,
Ajay Devgn,no,11,768.47,2001,Lajja,34.29,2002,Company,25.02,2003,LOC: Kargil,31.67,2003,Qayamat: City Under Threat,28.52,2004,Khakee,49.89,2004,Masti,34.14,2008,Golmaal Returns,95.00,2009,All the Best: Fun Begins,61.00,2010,Golmaal 3,167.00,2010,Once Upon A Time In Mumbaai,96.44,2010,Raajneeti,145.50,,,,,,,,,,,,,,,,,,,,,,,,,,,,,,,,,
Hrithik Roshan,yes,11,878.37,2000,Fiza,32.20,2000,Kaho Naa... Pyaar Hai,80.01,2000,Mission Kashmir,43.30,2001,Kabhi Khushi Kabhie Gham,135.53,2001,Yaadein,34.59,2002,Mujhse Dosti Karoge!,33.61,2003,Koi... Mil Gaya,82.32,2003,Main Prem Ki Diwani Hoon,39.31,2006,Dhoom 2,151.00,2006,Krrish,126.50,2008,Jodhaa Akbar,120.00,,,,,,,,,,,,,,,,,,,,,,,,,,,,,,,,,
Kareena Kapoor,yes,11,794.13,2000,Refugee,35.44,2001,Kabhi Khushi Kabhie Gham,135.53,2001,Yaadein,34.59,2002,Mujhse Dosti Karoge!,33.61,2003,Main Prem Ki Diwani Hoon,39.31,2004,Aitraaz,29.00,2004,Hulchul,33.09,2006,Don: The Chase Begins Again,106.00,2008,Golmaal Returns,95.00,2009,Kambakkht Ishq,85.56,2010,Golmaal 3,167.00,,,,,,,,,,,,,,,,,,,,,,,,,,,,,,,,,
Paresh Rawal,no,11,643.42,2000,Har Dil Jo Pyar Karega,32.45,2002,Aankhen,33.80,2002,Awara Paagal Deewana,27.58,2004,Aitraaz,29.00,2004,Hulchul,33.09,2005,Garam Masala,64.65,2006,Bhagam Bhag,67.00,2006,Phir Hera Pheri,69.00,2007,Bhool Bhulaiyaa,83.00,2007,Welcome,122.00,2009,De Dana Dan,81.85,,,,,,,,,,,,,,,,,,,,,,,,,,,,,,,,,
Salman Khan,yes,11,804.43,2000,Dulhan Hum Le Jayenge,36.87,2000,Har Dil Jo Pyar Karega,32.45,2001,Chori Chori Chupke Chupke,37.51,2002,Hum Tumhare Hain Sanam,34.76,2003,Baghban,43.11,2004,Mujhse Shaadi Karogi,62.00,2005,Maine Pyaar Kyun Kiya?,47.22,2005,No Entry,95.14,2007,Partner,101.00,2009,Wanted,93.23,2010,Dabangg,221.14,,,,,,,,,,,,,,,,,,,,,,,,,,,,,,,,,
Priyanka Chopra,no,10,668.35,2003,Andaaz,28.81,2003,The Hero: Love Story of a Spy,45.13,2004,Aitraaz,29.00,2004,Mujhse Shaadi Karogi,62.00,2005,Waqt: The Race Against Time,42.49,2006,Don: The Chase Begins Again,106.00,2006,Krrish,126.50,2008,Dostana,87.00,2009,Kaminey,71.57,2010,Anjaana Anjaani,69.85,,,,,,,,,,,,,,,,,,,,,,,,,,,,,,,,,,,,
Aamir Khan,yes,9,1114.36,2000,Mela,25.00,2001,Dil Chahta Hai,39.72,2001,Lagaan,65.97,2005,Mangal Pandey: The Rising,52.58,2006,Fanaa,103.00,2006,Rang De Basanti,97.00,2007,Taare Zameen Par,98.48,2008,Ghajini,232.00,2009,3 Idiots,400.61,,,,,,,,,,,,,,,,,,,,,,,,,,,,,,,,,,,,,,,
Kirron Kher,no,9,869.36,2004,Hum Tum,43.22,2005,Mangal Pandey: The Rising,52.58,2006,Fanaa,103.00,2006,Kabhi Alvida Naa Kehna,113.00,2006,Rang De Basanti,97.00,2007,Om Shanti Om,152.00,2008,Dostana,87.00,2008,Singh Is Kinng,136.00,2009,Kambakkht Ishq,85.56,,,,,,,,,,,,,,,,,,,,,,,,,,,,,,,,,,,,,,,
Preity Zinta,no,9,577.16,2000,Har Dil Jo Pyar Karega,32.45,2000,Mission Kashmir,43.30,2001,Chori Chori Chupke Chupke,37.51,2001,Dil Chahta Hai,39.72,2003,Kal Ho Naa Ho,86.09,2003,Koi... Mil Gaya,82.32,2003,The Hero: Love Story of a Spy,45.13,2004,Veer-Zaara,97.64,2006,Kabhi Alvida Naa Kehna,113.00,,,,,,,,,,,,,,,,,,,,,,,,,,,,,,,,,,,,,,,
Sanjay Dutt,yes,9,471.72,2000,Mission Kashmir,43.30,2001,Jodi No.1,34.13,2002,Kaante,36.37,2003,LOC: Kargil,31.67,2003,Munna Bhai M.B.B.S.,36.29,2005,Dus,38.84,2006,Lage Raho Munna Bhai,126.20,2009,All the Best: Fun Begins,61.00,2009,Blue,63.92,,,,,,,,,,,,,,,,,,,,,,,,,,,,,,,,,,,,,,,
Rajpal Yadav,no,8,504.06,2003,The Hero: Love Story of a Spy,45.13,2005,Garam Masala,64.65,2005,Waqt: The Race Against Time,42.49,2006,Bhagam Bhag,67.00,2006,Phir Hera Pheri,69.00,2007,Bhool Bhulaiyaa,83.00,2008,Bhoothnath,70.00,2010,Khatta Meetha,62.79,,,,,,,,,,,,,,,,,,,,,,,,,,,,,,,,,,,,,,,,,,
Aishwarya Rai,no,7,516.79,2000,Hamara Dil Aapke Paas Hai,30.26,2000,Josh,35.06,2000,Mohabbatein,76.91,2002,Devdas,90.00,2004,Khakee,49.89,2006,Dhoom 2,151.00,2007,Guru,83.67,,,,,,,,,,,,,,,,,,,,,,,,,,,,,,,,,,,,,,,,,,,,,
Bipasha Basu,no,7,598.34,2002,Raaz,37.20,2005,No Entry,95.14,2006,Dhoom 2,151.00,2006,Phir Hera Pheri,69.00,2008,Bachna Ae Haseeno,79.00,2008,Race,106.00,2009,All the Best: Fun Begins,61.00,,,,,,,,,,,,,,,,,,,,,,,,,,,,,,,,,,,,,,,,,,,,,
Lara Dutta,no,7,504.19,2003,Andaaz,28.81,2004,Masti,34.14,2005,No Entry,95.14,2006,Bhagam Bhag,67.00,2007,Partner,101.00,2009,Blue,63.92,2010,Housefull,114.18,,,,,,,,,,,,,,,,,,,,,,,,,,,,,,,,,,,,,,,,,,,,,
Saif Ali Khan,yes,7,496.22,2001,Dil Chahta Hai,39.72,2003,Kal Ho Naa Ho,86.09,2003,LOC: Kargil,31.67,2004,Hum Tum,43.22,2007,Ta Ra Rum Pum,70.00,2008,Race,106.00,2009,Love Aaj Kal,119.52,,,,,,,,,,,,,,,,,,,,,,,,,,,,,,,,,,,,,,,,,,,,,
Akshaye Khanna,yes,6,342.08,2001,Dil Chahta Hai,39.72,2002,Humraaz,29.71,2003,LOC: Kargil,31.67,2004,Hulchul,33.09,2008,Race,106.00,2010,Tees Maar Khan,101.89,,,,,,,,,,,,,,,,,,,,,,,,,,,,,,,,,,,,,,,,,,,,,,,,
Arshad Warsi,no,6,504.80,2003,Munna Bhai M.B.B.S.,36.29,2004,Hulchul,33.09,2005,Maine Pyaar Kyun Kiya?,47.22,2006,Lage Raho Munna Bhai,126.20,2008,Golmaal Returns,95.00,2010,Golmaal 3,167.00,,,,,,,,,,,,,,,,,,,,,,,,,,,,,,,,,,,,,,,,,,,,,,,,
Asrani,no,6,354.59,2000,Mela,25.00,2004,Hulchul,33.09,2005,Garam Masala,64.65,2006,Bhagam Bhag,67.00,2007,Bhool Bhulaiyaa,83.00,2009,De Dana Dan,81.85,,,,,,,,,,,,,,,,,,,,,,,,,,,,,,,,,,,,,,,,,,,,,,,,
Boman Irani,no,6,795.59,2003,Munna Bhai M.B.B.S.,36.29,2005,Waqt: The Race Against Time,42.49,2006,Don: The Chase Begins Again,106.00,2006,Lage Raho Munna Bhai,126.20,2007,Heyy Babyy,84.00,2009,3 Idiots,400.61,,,,,,,,,,,,,,,,,,,,,,,,,,,,,,,,,,,,,,,,,,,,,,,,
Jackie Shroff,no,6,247.71,2000,Mission Kashmir,43.30,2000,Refugee,35.44,2001,Lajja,34.29,2001,Yaadein,34.59,2004,Hulchul,33.09,2006,Bhagam Bhag,67.00,,,,,,,,,,,,,,,,,,,,,,,,,,,,,,,,,,,,,,,,,,,,,,,,
Suniel Shetty,no,6,331.90,2000,Refugee,35.44,2003,Qayamat: City Under Threat,28.52,2004,Hulchul,33.09,2004,Main Hoon Na,84.00,2006,Phir Hera Pheri,69.00,2009,De Dana Dan,81.85,,,,,,,,,,,,,,,,,,,,,,,,,,,,,,,,,,,,,,,,,,,,,,,,
Ameesha Patel,no,5,378.43,2000,Kaho Naa... Pyaar Hai,80.01,2001,Gadar: Ek Prem Katha,133.13,2002,Humraaz,29.71,2005,Mangal Pandey: The Rising,52.58,2007,Bhool Bhulaiyaa,83.00,,,,,,,,,,,,,,,,,,,,,,,,,,,,,,,,,,,,,,,,,,,,,,,,,,,
Amrish Puri,no,5,274.94,2001,Gadar: Ek Prem Katha,133.13,2001,Yaadein,34.59,2003,The Hero: Love Story of a Spy,45.13,2004,Aitraaz,29.00,2004,Hulchul,33.09,,,,,,,,,,,,,,,,,,,,,,,,,,,,,,,,,,,,,,,,,,,,,,,,,,,
Anil Kapoor,no,5,387.69,2000,Hamara Dil Aapke Paas Hai,30.26,2001,Lajja,34.29,2005,No Entry,95.14,2007,Welcome,122.00,2008,Race,106.00,,,,,,,,,,,,,,,,,,,,,,,,,,,,,,,,,,,,,,,,,,,,,,,,,,,
Anupam Kher,no,5,481.28,2000,Kaho Naa... Pyaar Hai,80.01,2001,Jodi No.1,34.13,2006,Rang De Basanti,97.00,2006,Vivah,49.00,2010,Dabangg,221.14,,,,,,,,,,,,,,,,,,,,,,,,,,,,,,,,,,,,,,,,,,,,,,,,,,,
Arjun Rampal,no,5,551.48,2002,Aankhen,33.80,2006,Don: The Chase Begins Again,106.00,2007,Om Shanti Om,152.00,2010,Housefull,114.18,2010,Raajneeti,145.50,,,,,,,,,,,,,,,,,,,,,,,,,,,,,,,,,,,,,,,,,,,,,,,,,,,
Arbaaz Khan,yes,4,349.75,2003,Qayamat: City Under Threat,28.52,2004,Hulchul,33.09,2006,Bhagam Bhag,67.00,2010,Dabangg,221.14,,,,,,,,,,,,,,,,,,,,,,,,,,,,,,,,,,,,,,,,,,,,,,,,,,,,,,
Deepika Padukone,no,4,464.70,2007,Om Shanti Om,152.00,2008,Bachna Ae Haseeno,79.00,2009,Love Aaj Kal,119.52,2010,Housefull,114.18,,,,,,,,,,,,,,,,,,,,,,,,,,,,,,,,,,,,,,,,,,,,,,,,,,,,,,
John Abraham,no,4,302.46,2004,Dhoom,72.47,2005,Garam Masala,64.65,2008,Dostana,87.00,2009,New York,78.34,,,,,,,,,,,,,,,,,,,,,,,,,,,,,,,,,,,,,,,,,,,,,,,,,,,,,,
Manoj Joshi,no,4,249.74,2004,Hulchul,33.09,2005,Garam Masala,64.65,2006,Phir Hera Pheri,69.00,2007,Bhool Bhulaiyaa,83.00,,,,,,,,,,,,,,,,,,,,,,,,,,,,,,,,,,,,,,,,,,,,,,,,,,,,,,
Ranbir Kapoor,yes,4,401.09,2008,Bachna Ae Haseeno,79.00,2009,Ajab Prem Ki Ghazab Kahani,106.74,2010,Anjaana Anjaani,69.85,2010,Raajneeti,145.50,,,,,,,,,,,,,,,,,,,,,,,,,,,,,,,,,,,,,,,,,,,,,,,,,,,,,,
Rishi Kapoor,yes,4,337.14,2004,Hum Tum,43.22,2006,Fanaa,103.00,2007,Namastey London,71.40,2009,Love Aaj Kal,119.52,,,,,,,,,,,,,,,,,,,,,,,,,,,,,,,,,,,,,,,,,,,,,,,,,,,,,,
Sunil Shetty,no,4,134.46,2002,Awara Paagal Deewana,27.58,2002,Kaante,36.37,2003,LOC: Kargil,31.67,2005,Dus,38.84,,,,,,,,,,,,,,,,,,,,,,,,,,,,,,,,,,,,,,,,,,,,,,,,,,,,,,
Vidya Balan,no,4,376.87,2006,Lage Raho Munna Bhai,126.20,2007,Bhool Bhulaiyaa,83.00,2007,Guru,83.67,2007,Heyy Babyy,84.00,,,,,,,,,,,,,,,,,,,,,,,,,,,,,,,,,,,,,,,,,,,,,,,,,,,,,,
Aftab Shivdasani,no,3,147.28,2002,Awara Paagal Deewana,27.58,2004,Masti,34.14,2009,Kambakkht Ishq,85.56,,,,,,,,,,,,,,,,,,,,,,,,,,,,,,,,,,,,,,,,,,,,,,,,,,,,,,,,,
Amrita Arora,no,3,208.14,2002,Awara Paagal Deewana,27.58,2008,Golmaal Returns,95.00,2009,Kambakkht Ishq,85.56,,,,,,,,,,,,,,,,,,,,,,,,,,,,,,,,,,,,,,,,,,,,,,,,,,,,,,,,,
Amrita Rao,no,3,167.14,2004,Main Hoon Na,84.00,2004,Masti,34.14,2006,Vivah,49.00,,,,,,,,,,,,,,,,,,,,,,,,,,,,,,,,,,,,,,,,,,,,,,,,,,,,,,,,,
Fardeen Khan,no,3,240.13,2005,No Entry,95.14,2007,Heyy Babyy,84.00,2009,All the Best: Fun Begins,61.00,,,,,,,,,,,,,,,,,,,,,,,,,,,,,,,,,,,,,,,,,,,,,,,,,,,,,,,,,
Govinda,no,3,202.13,2001,Jodi No.1,34.13,2006,Bhagam Bhag,67.00,2007,Partner,101.00,,,,,,,,,,,,,,,,,,,,,,,,,,,,,,,,,,,,,,,,,,,,,,,,,,,,,,,,,
Isha Koppikar,no,3,181.74,2003,Qayamat: City Under Threat,28.52,2005,Maine Pyaar Kyun Kiya?,47.22,2006,Don: The Chase Begins Again,106.00,,,,,,,,,,,,,,,,,,,,,,,,,,,,,,,,,,,,,,,,,,,,,,,,,,,,,,,,,
Javed Jaffrey,no,3,291.56,2007,Ta Ra Rum Pum,70.00,2008,Singh Is Kinng,136.00,2009,Kambakkht Ishq,85.56,,,,,,,,,,,,,,,,,,,,,,,,,,,,,,,,,,,,,,,,,,,,,,,,,,,,,,,,,
Jaya Bachchan,no,3,253.82,2000,Fiza,32.20,2001,Kabhi Khushi Kabhie Gham,135.53,2003,Kal Ho Naa Ho,86.09,,,,,,,,,,,,,,,,,,,,,,,,,,,,,,,,,,,,,,,,,,,,,,,,,,,,,,,,,
Jimmy Sheirgill,no,3,205.71,2003,Munna Bhai M.B.B.S.,36.29,2004,Hum Tum,43.22,2006,Lage Raho Munna Bhai,126.20,,,,,,,,,,,,,,,,,,,,,,,,,,,,,,,,,,,,,,,,,,,,,,,,,,,,,,,,,
Johnny Lever,no,3,121.58,2000,Mela,25.00,2002,Awara Paagal Deewana,27.58,2006,Phir Hera Pheri,69.00,,,,,,,,,,,,,,,,,,,,,,,,,,,,,,,,,,,,,,,,,,,,,,,,,,,,,,,,,
Kajol,yes,3,458.83,2001,Kabhi Khushi Kabhie Gham,135.53,2006,Fanaa,103.00,2010,My Name Is Khan,220.30,,,,,,,,,,,,,,,,,,,,,,,,,,,,,,,,,,,,,,,,,,,,,,,,,,,,,,,,,
Madhuri Dixit,no,3,159.05,2001,Lajja,34.29,2002,Devdas,90.00,2002,Hum Tumhare Hain Sanam,34.76,,,,,,,,,,,,,,,,,,,,,,,,,,,,,,,,,,,,,,,,,,,,,,,,,,,,,,,,,
Mohnish Bahl,no,3,148.18,2000,Kaho Naa... Pyaar Hai,80.01,2001,Ek Rishtaa: The Bond of Love,36.50,2003,LOC: Kargil,31.67,,,,,,,,,,,,,,,,,,,,,,,,,,,,,,,,,,,,,,,,,,,,,,,,,,,,,,,,,
Neha Dhupia,no,3,229.17,2003,Qayamat: City Under Threat,28.52,2005,Garam Masala,64.65,2008,Singh Is Kinng,136.00,,,,,,,,,,,,,,,,,,,,,,,,,,,,,,,,,,,,,,,,,,,,,,,,,,,,,,,,,
Om Puri,no,3,339.00,2006,Don: The Chase Begins Again,106.00,2006,Rang De Basanti,97.00,2008,Singh Is Kinng,136.00,,,,,,,,,,,,,,,,,,,,,,,,,,,,,,,,,,,,,,,,,,,,,,,,,,,,,,,,,
Rahul Dev,no,3,134.11,2001,Indian,42.61,2002,Awara Paagal Deewana,27.58,2009,Blue,63.92,,,,,,,,,,,,,,,,,,,,,,,,,,,,,,,,,,,,,,,,,,,,,,,,,,,,,,,,,
Rekha,yes,3,243.11,2001,Lajja,34.29,2003,Koi... Mil Gaya,82.32,2006,Krrish,126.50,,,,,,,,,,,,,,,,,,,,,,,,,,,,,,,,,,,,,,,,,,,,,,,,,,,,,,,,,
Rimi Sen,no,3,206.12,2004,Dhoom,72.47,2005,Garam Masala,64.65,2006,Phir Hera Pheri,69.00,,,,,,,,,,,,,,,,,,,,,,,,,,,,,,,,,,,,,,,,,,,,,,,,,,,,,,,,,
Shakti Kapoor,no,3,181.94,2004,Hulchul,33.09,2006,Bhagam Bhag,67.00,2009,De Dana Dan,81.85,,,,,,,,,,,,,,,,,,,,,,,,,,,,,,,,,,,,,,,,,,,,,,,,,,,,,,,,,
Shreyas Talpade,no,3,414.00,2007,Om Shanti Om,152.00,2008,Golmaal Returns,95.00,2010,Golmaal 3,167.00,,,,,,,,,,,,,,,,,,,,,,,,,,,,,,,,,,,,,,,,,,,,,,,,,,,,,,,,,
Sunny Deol,yes,3,220.87,2001,Gadar: Ek Prem Katha,133.13,2001,Indian,42.61,2003,The Hero: Love Story of a Spy,45.13,,,,,,,,,,,,,,,,,,,,,,,,,,,,,,,,,,,,,,,,,,,,,,,,,,,,,,,,,
Sushmita Sen,no,3,165.02,2002,Aankhen,33.80,2004,Main Hoon Na,84.00,2005,Maine Pyaar Kyun Kiya?,47.22,,,,,,,,,,,,,,,,,,,,,,,,,,,,,,,,,,,,,,,,,,,,,,,,,,,,,,,,,
Tusshar Kapoor,yes,3,311.89,2004,Khakee,49.89,2008,Golmaal Returns,95.00,2010,Golmaal 3,167.00,,,,,,,,,,,,,,,,,,,,,,,,,,,,,,,,,,,,,,,,,,,,,,,,,,,,,,,,,
Uday Chopra,yes,3,257.08,2002,Mujhse Dosti Karoge!,33.61,2004,Dhoom,72.47,2006,Dhoom 2,151.00,,,,,,,,,,,,,,,,,,,,,,,,,,,,,,,,,,,,,,,,,,,,,,,,,,,,,,,,,
Vivek Oberoi,yes,3,88.31,2002,Company,25.02,2002,Saathiya,29.15,2004,Masti,34.14,,,,,,,,,,,,,,,,,,,,,,,,,,,,,,,,,,,,,,,,,,,,,,,,,,,,,,,,,
Zayed Khan,no,3,186.76,2004,Main Hoon Na,84.00,2005,Dus,38.84,2009,Blue,63.92,,,,,,,,,,,,,,,,,,,,,,,,,,,,,,,,,,,,,,,,,,,,,,,,,,,,,,,,,
Aishwarya Rai Bachchan,no,2,183.00,2008,Jodhaa Akbar,120.00,2008,Sarkar Raj,63.00,,,,,,,,,,,,,,,,,,,,,,,,,,,,,,,,,,,,,,,,,,,,,,,,,,,,,,,,,,,,
Ali Haji,no,2,173.00,2006,Fanaa,103.00,2007,Ta Ra Rum Pum,70.00,,,,,,,,,,,,,,,,,,,,,,,,,,,,,,,,,,,,,,,,,,,,,,,,,,,,,,,,,,,,
Ashutosh Rana,no,2,68.87,2002,Raaz,37.20,2003,LOC: Kargil,31.67,,,,,,,,,,,,,,,,,,,,,,,,,,,,,,,,,,,,,,,,,,,,,,,,,,,,,,,,,,,,
Atul Kulkarni,no,2,146.89,2004,Khakee,49.89,2006,Rang De Basanti,97.00,,,,,,,,,,,,,,,,,,,,,,,,,,,,,,,,,,,,,,,,,,,,,,,,,,,,,,,,,,,,
Celina Jaitley,no,2,190.13,2005,No Entry,95.14,2008,Golmaal Returns,95.00,,,,,,,,,,,,,,,,,,,,,,,,,,,,,,,,,,,,,,,,,,,,,,,,,,,,,,,,,,,,
Danny Denzongpa,no,2,76.90,2001,Indian,42.61,2001,Lajja,34.29,,,,,,,,,,,,,,,,,,,,,,,,,,,,,,,,,,,,,,,,,,,,,,,,,,,,,,,,,,,,
Dilip Prabhavalkar,no,2,189.20,2006,Lage Raho Munna Bhai,126.20,2008,Sarkar Raj,63.00,,,,,,,,,,,,,,,,,,,,,,,,,,,,,,,,,,,,,,,,,,,,,,,,,,,,,,,,,,,,
Dimple Kapadia,no,2,260.86,2001,Dil Chahta Hai,39.72,2010,Dabangg,221.14,,,,,,,,,,,,,,,,,,,,,,,,,,,,,,,,,,,,,,,,,,,,,,,,,,,,,,,,,,,,
Esha Deol,yes,2,167.61,2004,Dhoom,72.47,2005,No Entry,95.14,,,,,,,,,,,,,,,,,,,,,,,,,,,,,,,,,,,,,,,,,,,,,,,,,,,,,,,,,,,,
Gracy Singh,no,2,102.26,2001,Lagaan,65.97,2003,Munna Bhai M.B.B.S.,36.29,,,,,,,,,,,,,,,,,,,,,,,,,,,,,,,,,,,,,,,,,,,,,,,,,,,,,,,,,,,,
Jiah Khan,no,2,346.18,2008,Ghajini,232.00,2010,Housefull,114.18,,,,,,,,,,,,,,,,,,,,,,,,,,,,,,,,,,,,,,,,,,,,,,,,,,,,,,,,,,,,
Juhi Chawla,no,2,106.50,2001,Ek Rishtaa: The Bond of Love,36.50,2008,Bhoothnath,70.00,,,,,,,,,,,,,,,,,,,,,,,,,,,,,,,,,,,,,,,,,,,,,,,,,,,,,,,,,,,,
Karishma Kapoor,yes,2,68.70,2000,Fiza,32.20,2001,Ek Rishtaa: The Bond of Love,36.50,,,,,,,,,,,,,,,,,,,,,,,,,,,,,,,,,,,,,,,,,,,,,,,,,,,,,,,,,,,,
Mahesh Manjrekar,no,2,129.60,2002,Kaante,36.37,2009,Wanted,93.23,,,,,,,,,,,,,,,,,,,,,,,,,,,,,,,,,,,,,,,,,,,,,,,,,,,,,,,,,,,,
Mahima Chaudhry,no,2,77.40,2001,Lajja,34.29,2003,Baghban,43.11,,,,,,,,,,,,,,,,,,,,,,,,,,,,,,,,,,,,,,,,,,,,,,,,,,,,,,,,,,,,
Manisha Koirala,no,2,59.31,2001,Lajja,34.29,2002,Company,25.02,,,,,,,,,,,,,,,,,,,,,,,,,,,,,,,,,,,,,,,,,,,,,,,,,,,,,,,,,,,,
Manoj Bajpayee,no,2,177.17,2003,LOC: Kargil,31.67,2010,Raajneeti,145.50,,,,,,,,,,,,,,,,,,,,,,,,,,,,,,,,,,,,,,,,,,,,,,,,,,,,,,,,,,,,
Mithun Chakraborty,no,2,250.67,2007,Guru,83.67,2010,Golmaal 3,167.00,,,,,,,,,,,,,,,,,,,,,,,,,,,,,,,,,,,,,,,,,,,,,,,,,,,,,,,,,,,,
Nana Patekar,no,2,267.50,2007,Welcome,122.00,2010,Raajneeti,145.50,,,,,,,,,,,,,,,,,,,,,,,,,,,,,,,,,,,,,,,,,,,,,,,,,,,,,,,,,,,,
Naseeruddin Shah,no,2,272.00,2006,Krrish,126.50,2010,Raajneeti,145.50,,,,,,,,,,,,,,,,,,,,,,,,,,,,,,,,,,,,,,,,,,,,,,,,,,,,,,,,,,,,
R. Madhavan,no,2,484.28,2007,Guru,83.67,2009,3 Idiots,400.61,,,,,,,,,,,,,,,,,,,,,,,,,,,,,,,,,,,,,,,,,,,,,,,,,,,,,,,,,,,,
Riteish Deshmukh,no,2,118.14,2004,Masti,34.14,2007,Heyy Babyy,84.00,,,,,,,,,,,,,,,,,,,,,,,,,,,,,,,,,,,,,,,,,,,,,,,,,,,,,,,,,,,,
Sanjay Kapoor,no,2,60.19,2003,LOC: Kargil,31.67,2003,Qayamat: City Under Threat,28.52,,,,,,,,,,,,,,,,,,,,,,,,,,,,,,,,,,,,,,,,,,,,,,,,,,,,,,,,,,,,
Shahid Kapoor,yes,2,120.57,2006,Vivah,49.00,2009,Kaminey,71.57,,,,,,,,,,,,,,,,,,,,,,,,,,,,,,,,,,,,,,,,,,,,,,,,,,,,,,,,,,,,
Sharat Saxena,no,2,195.50,2006,Krrish,126.50,2006,Phir Hera Pheri,69.00,,,,,,,,,,,,,,,,,,,,,,,,,,,,,,,,,,,,,,,,,,,,,,,,,,,,,,,,,,,,
Sharman Joshi,no,2,497.61,2006,Rang De Basanti,97.00,2009,3 Idiots,400.61,,,,,,,,,,,,,,,,,,,,,,,,,,,,,,,,,,,,,,,,,,,,,,,,,,,,,,,,,,,,
Sonali Kulkarni,no,2,83.02,2000,Mission Kashmir,43.30,2001,Dil Chahta Hai,39.72,,,,,,,,,,,,,,,,,,,,,,,,,,,,,,,,,,,,,,,,,,,,,,,,,,,,,,,,,,,,
Sonu Sood,no,2,357.14,2008,Singh Is Kinng,136.00,2010,Dabangg,221.14,,,,,,,,,,,,,,,,,,,,,,,,,,,,,,,,,,,,,,,,,,,,,,,,,,,,,,,,,,,,
Twinkle Khanna,yes,2,59.13,2000,Mela,25.00,2001,Jodi No.1,34.13,,,,,,,,,,,,,,,,,,,,,,,,,,,,,,,,,,,,,,,,,,,,,,,,,,,,,,,,,,,,
Vinod Khanna,no,2,314.37,2009,Wanted,93.23,2010,Dabangg,221.14,,,,,,,,,,,,,,,,,,,,,,,,,,,,,,,,,,,,,,,,,,,,,,,,,,,,,,,,,,,,
Aarti Chhabria,no,1,27.58,2002,Awara Paagal Deewana,27.58,,,,,,,,,,,,,,,,,,,,,,,,,,,,,,,,,,,,,,,,,,,,,,,,,,,,,,,,,,,,,,,
Aditya Pancholi,no,1,33.80,2002,Aankhen,33.80,,,,,,,,,,,,,,,,,,,,,,,,,,,,,,,,,,,,,,,,,,,,,,,,,,,,,,,,,,,,,,,
Akshaye Khanna Kareena Kapoor Suniel Shetty Jackie Shroff Arbaaz Khan Arshad Warsi Paresh Rawal Amrish Puri Asrani Manoj Joshi Shakti Kapoor,no,1,33.09,2004,Hulchul,33.09,,,,,,,,,,,,,,,,,,,,,,,,,,,,,,,,,,,,,,,,,,,,,,,,,,,,,,,,,,,,,,,
Alice Patten,no,1,97.00,2006,Rang De Basanti,97.00,,,,,,,,,,,,,,,,,,,,,,,,,,,,,,,,,,,,,,,,,,,,,,,,,,,,,,,,,,,,,,,
Alok Nath,no,1,49.00,2006,Vivah,49.00,,,,,,,,,,,,,,,,,,,,,,,,,,,,,,,,,,,,,,,,,,,,,,,,,,,,,,,,,,,,,,,
Aman Siddiqui,no,1,70.00,2008,Bhoothnath,70.00,,,,,,,,,,,,,,,,,,,,,,,,,,,,,,,,,,,,,,,,,,,,,,,,,,,,,,,,,,,,,,,
Amar Upadhyay,no,1,31.67,2003,LOC: Kargil,31.67,,,,,,,,,,,,,,,,,,,,,,,,,,,,,,,,,,,,,,,,,,,,,,,,,,,,,,,,,,,,,,,
Amole Gupte,no,1,71.57,2009,Kaminey,71.57,,,,,,,,,,,,,,,,,,,,,,,,,,,,,,,,,,,,,,,,,,,,,,,,,,,,,,,,,,,,,,,
Angelina Idnani,no,1,70.00,2007,Ta Ra Rum Pum,70.00,,,,,,,,,,,,,,,,,,,,,,,,,,,,,,,,,,,,,,,,,,,,,,,,,,,,,,,,,,,,,,,
Anjana Sukhani,no,1,95.00,2008,Golmaal Returns,95.00,,,,,,,,,,,,,,,,,,,,,,,,,,,,,,,,,,,,,,,,,,,,,,,,,,,,,,,,,,,,,,,
Annu Kapoor,no,1,29.00,2004,Aitraaz,29.00,,,,,,,,,,,,,,,,,,,,,,,,,,,,,,,,,,,,,,,,,,,,,,,,,,,,,,,,,,,,,,,
Antara Mali,no,1,25.02,2002,Company,25.02,,,,,,,,,,,,,,,,,,,,,,,,,,,,,,,,,,,,,,,,,,,,,,,,,,,,,,,,,,,,,,,
Anushka Sharma,no,1,157.00,2008,Rab Ne Bana Di Jodi,157.00,,,,,,,,,,,,,,,,,,,,,,,,,,,,,,,,,,,,,,,,,,,,,,,,,,,,,,,,,,,,,,,
Asin,no,1,232.00,2008,Ghajini,232.00,,,,,,,,,,,,,,,,,,,,,,,,,,,,,,,,,,,,,,,,,,,,,,,,,,,,,,,,,,,,,,,
Ayesha Takia,no,1,93.23,2009,Wanted,93.23,,,,,,,,,,,,,,,,,,,,,,,,,,,,,,,,,,,,,,,,,,,,,,,,,,,,,,,,,,,,,,,
Bobby Deol,yes,1,29.71,2002,Humraaz,29.71,,,,,,,,,,,,,,,,,,,,,,,,,,,,,,,,,,,,,,,,,,,,,,,,,,,,,,,,,,,,,,,
Chandrachur Singh,no,1,35.06,2000,Josh,35.06,,,,,,,,,,,,,,,,,,,,,,,,,,,,,,,,,,,,,,,,,,,,,,,,,,,,,,,,,,,,,,,
Clive Standen,no,1,71.40,2007,Namastey London,71.40,,,,,,,,,,,,,,,,,,,,,,,,,,,,,,,,,,,,,,,,,,,,,,,,,,,,,,,,,,,,,,,
Daisy Bopanna,no,1,64.65,2005,Garam Masala,64.65,,,,,,,,,,,,,,,,,,,,,,,,,,,,,,,,,,,,,,,,,,,,,,,,,,,,,,,,,,,,,,,
Dalip Tahil,no,1,80.01,2000,Kaho Naa... Pyaar Hai,80.01,,,,,,,,,,,,,,,,,,,,,,,,,,,,,,,,,,,,,,,,,,,,,,,,,,,,,,,,,,,,,,,
Darsheel Safary,no,1,98.48,2007,Taare Zameen Par,98.48,,,,,,,,,,,,,,,,,,,,,,,,,,,,,,,,,,,,,,,,,,,,,,,,,,,,,,,,,,,,,,,
Dia Mirza,no,1,126.20,2006,Lage Raho Munna Bhai,126.20,,,,,,,,,,,,,,,,,,,,,,,,,,,,,,,,,,,,,,,,,,,,,,,,,,,,,,,,,,,,,,,
Dino Morea,no,1,37.20,2002,Raaz,37.20,,,,,,,,,,,,,,,,,,,,,,,,,,,,,,,,,,,,,,,,,,,,,,,,,,,,,,,,,,,,,,,
Emraan Hashmi,no,1,96.44,2010,Once Upon A Time In Mumbaai,96.44,,,,,,,,,,,,,,,,,,,,,,,,,,,,,,,,,,,,,,,,,,,,,,,,,,,,,,,,,,,,,,,
Faisal Khan,yes,1,25.00,2000,Mela,25.00,,,,,,,,,,,,,,,,,,,,,,,,,,,,,,,,,,,,,,,,,,,,,,,,,,,,,,,,,,,,,,,
Feroz Khan,no,1,122.00,2007,Welcome,122.00,,,,,,,,,,,,,,,,,,,,,,,,,,,,,,,,,,,,,,,,,,,,,,,,,,,,,,,,,,,,,,,
Gayatri Joshi,no,1,40.20,2004,Swades,40.20,,,,,,,,,,,,,,,,,,,,,,,,,,,,,,,,,,,,,,,,,,,,,,,,,,,,,,,,,,,,,,,
Genelia,no,1,34.14,2004,Masti,34.14,,,,,,,,,,,,,,,,,,,,,,,,,,,,,,,,,,,,,,,,,,,,,,,,,,,,,,,,,,,,,,,
Giselli Monteiro,no,1,119.52,2009,Love Aaj Kal,119.52,,,,,,,,,,,,,,,,,,,,,,,,,,,,,,,,,,,,,,,,,,,,,,,,,,,,,,,,,,,,,,,
Hema Malini,no,1,43.11,2003,Baghban,43.11,,,,,,,,,,,,,,,,,,,,,,,,,,,,,,,,,,,,,,,,,,,,,,,,,,,,,,,,,,,,,,,
Imran Khan,yes,1,72.52,2010,I Hate Luv Storys,72.52,,,,,,,,,,,,,,,,,,,,,,,,,,,,,,,,,,,,,,,,,,,,,,,,,,,,,,,,,,,,,,,
Irrfan Khan,no,1,78.34,2009,New York,78.34,,,,,,,,,,,,,,,,,,,,,,,,,,,,,,,,,,,,,,,,,,,,,,,,,,,,,,,,,,,,,,,
Juanna Sanghvi,no,1,84.00,2007,Heyy Babyy,84.00,,,,,,,,,,,,,,,,,,,,,,,,,,,,,,,,,,,,,,,,,,,,,,,,,,,,,,,,,,,,,,,
Kabir Bedi,no,1,45.13,2003,The Hero: Love Story of a Spy,45.13,,,,,,,,,,,,,,,,,,,,,,,,,,,,,,,,,,,,,,,,,,,,,,,,,,,,,,,,,,,,,,,
Kangana Ranaut,no,1,96.44,2010,Once Upon A Time In Mumbaai,96.44,,,,,,,,,,,,,,,,,,,,,,,,,,,,,,,,,,,,,,,,,,,,,,,,,,,,,,,,,,,,,,,
Karan Nath,no,1,31.67,2003,LOC: Kargil,31.67,,,,,,,,,,,,,,,,,,,,,,,,,,,,,,,,,,,,,,,,,,,,,,,,,,,,,,,,,,,,,,,
Kareena Kapoor Khan,yes,1,400.61,2009,3 Idiots,400.61,,,,,,,,,,,,,,,,,,,,,,,,,,,,,,,,,,,,,,,,,,,,,,,,,,,,,,,,,,,,,,,
Karisma Kapoor,yes,1,36.87,2000,Dulhan Hum Le Jayenge,36.87,,,,,,,,,,,,,,,,,,,,,,,,,,,,,,,,,,,,,,,,,,,,,,,,,,,,,,,,,,,,,,,
Kay Kay Menon,no,1,39.30,2005,Sarkar,39.30,,,,,,,,,,,,,,,,,,,,,,,,,,,,,,,,,,,,,,,,,,,,,,,,,,,,,,,,,,,,,,,
Kishori Ballal,no,1,40.20,2004,Swades,40.20,,,,,,,,,,,,,,,,,,,,,,,,,,,,,,,,,,,,,,,,,,,,,,,,,,,,,,,,,,,,,,,
Kumar Gaurav,no,1,36.37,2002,Kaante,36.37,,,,,,,,,,,,,,,,,,,,,,,,,,,,,,,,,,,,,,,,,,,,,,,,,,,,,,,,,,,,,,,
Kunal Kapoor,no,1,97.00,2006,Rang De Basanti,97.00,,,,,,,,,,,,,,,,,,,,,,,,,,,,,,,,,,,,,,,,,,,,,,,,,,,,,,,,,,,,,,,
Kunal Khemu,no,1,167.00,2010,Golmaal 3,167.00,,,,,,,,,,,,,,,,,,,,,,,,,,,,,,,,,,,,,,,,,,,,,,,,,,,,,,,,,,,,,,,
Lillete Dubey,no,1,133.13,2001,Gadar: Ek Prem Katha,133.13,,,,,,,,,,,,,,,,,,,,,,,,,,,,,,,,,,,,,,,,,,,,,,,,,,,,,,,,,,,,,,,
Lucky Ali,no,1,36.37,2002,Kaante,36.37,,,,,,,,,,,,,,,,,,,,,,,,,,,,,,,,,,,,,,,,,,,,,,,,,,,,,,,,,,,,,,,
Mahie Gill,no,1,221.14,2010,Dabangg,221.14,,,,,,,,,,,,,,,,,,,,,,,,,,,,,,,,,,,,,,,,,,,,,,,,,,,,,,,,,,,,,,,
Malini Sharma,no,1,37.20,2002,Raaz,37.20,,,,,,,,,,,,,,,,,,,,,,,,,,,,,,,,,,,,,,,,,,,,,,,,,,,,,,,,,,,,,,,
Mallika Sherawat,no,1,122.00,2007,Welcome,122.00,,,,,,,,,,,,,,,,,,,,,,,,,,,,,,,,,,,,,,,,,,,,,,,,,,,,,,,,,,,,,,,
Manini Mishra,no,1,126.50,2006,Krrish,126.50,,,,,,,,,,,,,,,,,,,,,,,,,,,,,,,,,,,,,,,,,,,,,,,,,,,,,,,,,,,,,,,
Milind Gunaji,no,1,69.00,2006,Phir Hera Pheri,69.00,,,,,,,,,,,,,,,,,,,,,,,,,,,,,,,,,,,,,,,,,,,,,,,,,,,,,,,,,,,,,,,
Minissha Lamba,no,1,79.00,2008,Bachna Ae Haseeno,79.00,,,,,,,,,,,,,,,,,,,,,,,,,,,,,,,,,,,,,,,,,,,,,,,,,,,,,,,,,,,,,,,
Mohanlal,no,1,25.02,2002,Company,25.02,,,,,,,,,,,,,,,,,,,,,,,,,,,,,,,,,,,,,,,,,,,,,,,,,,,,,,,,,,,,,,,
Mona Singh,no,1,400.61,2009,3 Idiots,400.61,,,,,,,,,,,,,,,,,,,,,,,,,,,,,,,,,,,,,,,,,,,,,,,,,,,,,,,,,,,,,,,
Monica Bedi,no,1,34.13,2001,Jodi No.1,34.13,,,,,,,,,,,,,,,,,,,,,,,,,,,,,,,,,,,,,,,,,,,,,,,,,,,,,,,,,,,,,,,
Mugdha Godse,no,1,61.00,2009,All the Best: Fun Begins,61.00,,,,,,,,,,,,,,,,,,,,,,,,,,,,,,,,,,,,,,,,,,,,,,,,,,,,,,,,,,,,,,,
Mukesh Rishi,no,1,42.61,2001,Indian,42.61,,,,,,,,,,,,,,,,,,,,,,,,,,,,,,,,,,,,,,,,,,,,,,,,,,,,,,,,,,,,,,,
Nagarjuna Akkineni,no,1,31.67,2003,LOC: Kargil,31.67,,,,,,,,,,,,,,,,,,,,,,,,,,,,,,,,,,,,,,,,,,,,,,,,,,,,,,,,,,,,,,,
Nargis Bagheri,no,1,64.65,2005,Garam Masala,64.65,,,,,,,,,,,,,,,,,,,,,,,,,,,,,,,,,,,,,,,,,,,,,,,,,,,,,,,,,,,,,,,
Neetu Chandra,no,1,64.65,2005,Garam Masala,64.65,,,,,,,,,,,,,,,,,,,,,,,,,,,,,,,,,,,,,,,,,,,,,,,,,,,,,,,,,,,,,,,
Neil Nitin Mukesh,no,1,78.34,2009,New York,78.34,,,,,,,,,,,,,,,,,,,,,,,,,,,,,,,,,,,,,,,,,,,,,,,,,,,,,,,,,,,,,,,
Nina Wadia,no,1,71.40,2007,Namastey London,71.40,,,,,,,,,,,,,,,,,,,,,,,,,,,,,,,,,,,,,,,,,,,,,,,,,,,,,,,,,,,,,,,
Paul Blackthorne,no,1,65.97,2001,Lagaan,65.97,,,,,,,,,,,,,,,,,,,,,,,,,,,,,,,,,,,,,,,,,,,,,,,,,,,,,,,,,,,,,,,
Pavan Malhotra,no,1,106.00,2006,Don: The Chase Begins Again,106.00,,,,,,,,,,,,,,,,,,,,,,,,,,,,,,,,,,,,,,,,,,,,,,,,,,,,,,,,,,,,,,,
Prachi Desai,no,1,96.44,2010,Once Upon A Time In Mumbaai,96.44,,,,,,,,,,,,,,,,,,,,,,,,,,,,,,,,,,,,,,,,,,,,,,,,,,,,,,,,,,,,,,,
Pradeep Rawat,no,1,232.00,2008,Ghajini,232.00,,,,,,,,,,,,,,,,,,,,,,,,,,,,,,,,,,,,,,,,,,,,,,,,,,,,,,,,,,,,,,,
Prakash Raj,no,1,93.23,2009,Wanted,93.23,,,,,,,,,,,,,,,,,,,,,,,,,,,,,,,,,,,,,,,,,,,,,,,,,,,,,,,,,,,,,,,
Preeti Jhangiani,no,1,27.58,2002,Awara Paagal Deewana,27.58,,,,,,,,,,,,,,,,,,,,,,,,,,,,,,,,,,,,,,,,,,,,,,,,,,,,,,,,,,,,,,,
Prem Chopra,no,1,82.32,2003,Koi... Mil Gaya,82.32,,,,,,,,,,,,,,,,,,,,,,,,,,,,,,,,,,,,,,,,,,,,,,,,,,,,,,,,,,,,,,,
Priya Gill,no,1,35.06,2000,Josh,35.06,,,,,,,,,,,,,,,,,,,,,,,,,,,,,,,,,,,,,,,,,,,,,,,,,,,,,,,,,,,,,,,
Priyanshu Chatterjee,no,1,70.00,2008,Bhoothnath,70.00,,,,,,,,,,,,,,,,,,,,,,,,,,,,,,,,,,,,,,,,,,,,,,,,,,,,,,,,,,,,,,,
Rachel Shelley,no,1,65.97,2001,Lagaan,65.97,,,,,,,,,,,,,,,,,,,,,,,,,,,,,,,,,,,,,,,,,,,,,,,,,,,,,,,,,,,,,,,
Raj Babbar,no,1,42.61,2001,Indian,42.61,,,,,,,,,,,,,,,,,,,,,,,,,,,,,,,,,,,,,,,,,,,,,,,,,,,,,,,,,,,,,,,
Rajesh Khattar,no,1,106.00,2006,Don: The Chase Begins Again,106.00,,,,,,,,,,,,,,,,,,,,,,,,,,,,,,,,,,,,,,,,,,,,,,,,,,,,,,,,,,,,,,,
Rakesh Roshan,no,1,82.32,2003,Koi... Mil Gaya,82.32,,,,,,,,,,,,,,,,,,,,,,,,,,,,,,,,,,,,,,,,,,,,,,,,,,,,,,,,,,,,,,,
Rakhee Gulzar,no,1,36.50,2001,Ek Rishtaa: The Bond of Love,36.50,,,,,,,,,,,,,,,,,,,,,,,,,,,,,,,,,,,,,,,,,,,,,,,,,,,,,,,,,,,,,,,
Randeep Hooda,no,1,96.44,2010,Once Upon A Time In Mumbaai,96.44,,,,,,,,,,,,,,,,,,,,,,,,,,,,,,,,,,,,,,,,,,,,,,,,,,,,,,,,,,,,,,,
Ranvir Shorey,no,1,136.00,2008,Singh Is Kinng,136.00,,,,,,,,,,,,,,,,,,,,,,,,,,,,,,,,,,,,,,,,,,,,,,,,,,,,,,,,,,,,,,,
Ratna Pathak Shah,no,1,167.00,2010,Golmaal 3,167.00,,,,,,,,,,,,,,,,,,,,,,,,,,,,,,,,,,,,,,,,,,,,,,,,,,,,,,,,,,,,,,,
Razak Khan,no,1,69.00,2006,Phir Hera Pheri,69.00,,,,,,,,,,,,,,,,,,,,,,,,,,,,,,,,,,,,,,,,,,,,,,,,,,,,,,,,,,,,,,,
Ritesh Deshmukh,no,1,114.18,2010,Housefull,114.18,,,,,,,,,,,,,,,,,,,,,,,,,,,,,,,,,,,,,,,,,,,,,,,,,,,,,,,,,,,,,,,
Riya Sen,no,1,28.52,2003,Qayamat: City Under Threat,28.52,,,,,,,,,,,,,,,,,,,,,,,,,,,,,,,,,,,,,,,,,,,,,,,,,,,,,,,,,,,,,,,
Rohini Hattangadi,no,1,36.29,2003,Munna Bhai M.B.B.S.,36.29,,,,,,,,,,,,,,,,,,,,,,,,,,,,,,,,,,,,,,,,,,,,,,,,,,,,,,,,,,,,,,,
Salman Khan Sushmita Sen Katrina Kaif Sohail Khan Arshad Warsi Isha Koppikar,no,1,47.22,2005,Maine Pyaar Kyun Kiya?,47.22,,,,,,,,,,,,,,,,,,,,,,,,,,,,,,,,,,,,,,,,,,,,,,,,,,,,,,,,,,,,,,,
Sameera Reddy,no,1,106.00,2008,Race,106.00,,,,,,,,,,,,,,,,,,,,,,,,,,,,,,,,,,,,,,,,,,,,,,,,,,,,,,,,,,,,,,,
Sarah Thompson,no,1,145.50,2010,Raajneeti,145.50,,,,,,,,,,,,,,,,,,,,,,,,,,,,,,,,,,,,,,,,,,,,,,,,,,,,,,,,,,,,,,,
Seema Biswas,no,1,25.02,2002,Company,25.02,,,,,,,,,,,,,,,,,,,,,,,,,,,,,,,,,,,,,,,,,,,,,,,,,,,,,,,,,,,,,,,
Shahbaz Khan,no,1,45.13,2003,The Hero: Love Story of a Spy,45.13,,,,,,,,,,,,,,,,,,,,,,,,,,,,,,,,,,,,,,,,,,,,,,,,,,,,,,,,,,,,,,,
Sharad Kapoor,no,1,35.06,2000,Josh,35.06,,,,,,,,,,,,,,,,,,,,,,,,,,,,,,,,,,,,,,,,,,,,,,,,,,,,,,,,,,,,,,,
Shefali Shah,no,1,42.49,2005,Waqt: The Race Against Time,42.49,,,,,,,,,,,,,,,,,,,,,,,,,,,,,,,,,,,,,,,,,,,,,,,,,,,,,,,,,,,,,,,
Shilpa Shetty,no,1,42.61,2001,Indian,42.61,,,,,,,,,,,,,,,,,,,,,,,,,,,,,,,,,,,,,,,,,,,,,,,,,,,,,,,,,,,,,,,
Shiney Ahuja,no,1,83.00,2007,Bhool Bhulaiyaa,83.00,,,,,,,,,,,,,,,,,,,,,,,,,,,,,,,,,,,,,,,,,,,,,,,,,,,,,,,,,,,,,,,
Siddharth,no,1,97.00,2006,Rang De Basanti,97.00,,,,,,,,,,,,,,,,,,,,,,,,,,,,,,,,,,,,,,,,,,,,,,,,,,,,,,,,,,,,,,,
Soha Ali Khan,yes,1,97.00,2006,Rang De Basanti,97.00,,,,,,,,,,,,,,,,,,,,,,,,,,,,,,,,,,,,,,,,,,,,,,,,,,,,,,,,,,,,,,,
Sohail Khan,yes,1,47.22,2005,Maine Pyaar Kyun Kiya?,47.22,,,,,,,,,,,,,,,,,,,,,,,,,,,,,,,,,,,,,,,,,,,,,,,,,,,,,,,,,,,,,,,
Sonakshi Sinha,yes,1,221.14,2010,Dabangg,221.14,,,,,,,,,,,,,,,,,,,,,,,,,,,,,,,,,,,,,,,,,,,,,,,,,,,,,,,,,,,,,,,
Sonali Bendre,no,1,30.26,2000,Hamara Dil Aapke Paas Hai,30.26,,,,,,,,,,,,,,,,,,,,,,,,,,,,,,,,,,,,,,,,,,,,,,,,,,,,,,,,,,,,,,,
Sonam Kapoor,yes,1,72.52,2010,I Hate Luv Storys,72.52,,,,,,,,,,,,,,,,,,,,,,,,,,,,,,,,,,,,,,,,,,,,,,,,,,,,,,,,,,,,,,,
Sunil Dutt,no,1,36.29,2003,Munna Bhai M.B.B.S.,36.29,,,,,,,,,,,,,,,,,,,,,,,,,,,,,,,,,,,,,,,,,,,,,,,,,,,,,,,,,,,,,,,
Supriya Pathak,no,1,63.00,2008,Sarkar Raj,63.00,,,,,,,,,,,,,,,,,,,,,,,,,,,,,,,,,,,,,,,,,,,,,,,,,,,,,,,,,,,,,,,
Tabu,no,1,103.00,2006,Fanaa,103.00,,,,,,,,,,,,,,,,,,,,,,,,,,,,,,,,,,,,,,,,,,,,,,,,,,,,,,,,,,,,,,,
Tanay Chheda,no,1,98.48,2007,Taare Zameen Par,98.48,,,,,,,,,,,,,,,,,,,,,,,,,,,,,,,,,,,,,,,,,,,,,,,,,,,,,,,,,,,,,,,
Tara Sharma,no,1,34.14,2004,Masti,34.14,,,,,,,,,,,,,,,,,,,,,,,,,,,,,,,,,,,,,,,,,,,,,,,,,,,,,,,,,,,,,,,
Tinu Verma,no,1,25.00,2000,Mela,25.00,,,,,,,,,,,,,,,,,,,,,,,,,,,,,,,,,,,,,,,,,,,,,,,,,,,,,,,,,,,,,,,
Tisca Chopra,no,1,98.48,2007,Taare Zameen Par,98.48,,,,,,,,,,,,,,,,,,,,,,,,,,,,,,,,,,,,,,,,,,,,,,,,,,,,,,,,,,,,,,,
Toby Stephens,no,1,52.58,2005,Mangal Pandey: The Rising,52.58,,,,,,,,,,,,,,,,,,,,,,,,,,,,,,,,,,,,,,,,,,,,,,,,,,,,,,,,,,,,,,,
Trisha,no,1,62.79,2010,Khatta Meetha,62.79,,,,,,,,,,,,,,,,,,,,,,,,,,,,,,,,,,,,,,,,,,,,,,,,,,,,,,,,,,,,,,,
Upen Patel,no,1,71.40,2007,Namastey London,71.40,,,,,,,,,,,,,,,,,,,,,,,,,,,,,,,,,,,,,,,,,,,,,,,,,,,,,,,,,,,,,,,
Urvashi Sharma,no,1,62.79,2010,Khatta Meetha,62.79,,,,,,,,,,,,,,,,,,,,,,,,,,,,,,,,,,,,,,,,,,,,,,,,,,,,,,,,,,,,,,,
Utkarsh Sharma,no,1,133.13,2001,Gadar: Ek Prem Katha,133.13,,,,,,,,,,,,,,,,,,,,,,,,,,,,,,,,,,,,,,,,,,,,,,,,,,,,,,,,,,,,,,,
Vinay Pathak,no,1,157.00,2008,Rab Ne Bana Di Jodi,157.00,,,,,,,,,,,,,,,,,,,,,,,,,,,,,,,,,,,,,,,,,,,,,,,,,,,,,,,,,,,,,,,
Vipin Sharma,no,1,98.48,2007,Taare Zameen Par,98.48,,,,,,,,,,,,,,,,,,,,,,,,,,,,,,,,,,,,,,,,,,,,,,,,,,,,,,,,,,,,,,,
Vivek Shauq,no,1,133.13,2001,Gadar: Ek Prem Katha,133.13,,,,,,,,,,,,,,,,,,,,,,,,,,,,,,,,,,,,,,,,,,,,,,,,,,,,,,,,,,,,,,,
Waheeda Rehman,no,1,97.00,2006,Rang De Basanti,97.00,,,,,,,,,,,,,,,,,,,,,,,,,,,,,,,,,,,,,,,,,,,,,,,,,,,,,,,,,,,,,,,
