year,title,studio,gross
2000,Kaho Naa... Pyaar Hai,,₹80.01 crore
2000,Mohabbatein,,₹76.91 crore
2000,Mission Kashmir,,₹43.30 crore
2000,Dulhan Hum Le Jayenge,,₹36.87 crore
2000,Refugee,,₹35.44 crore
2000,Josh,,₹35.06 crore
2000,Har Dil Jo Pyar Karega,,₹32.45 crore
2000,Fiza,,₹32.20 crore
2000,Hamara Dil Aapke Paas Hai,,₹30.26 crore
2000,Mela,,₹25 crore
2001,Kabhi Khushi Kabhie Gham,Dharma Productions,₹ 135.53 crore (US$28.72 million)
2001,Gadar: Ek Prem Katha,Zee Studios,₹ 133.13 crore (US$28.21 million)
2001,Lagaan,Aamir Khan Productions,₹ 65.97 crore (US$13.98 million)
2001,Indian,Sunny Super Sound,₹ 42.61 crore (US$9.03 million)
2001,Dil Chahta Hai,Excel Entertainment,₹ 39.72 crore (US$8.42 million)
2001,Chori Chori Chupke Chupke,Eros International,₹ 37.51 crore (US$7.95 million)
2001,Ek Rishtaa: The Bond of Love,Shree Krishna International,₹ 36.50 crore (US$7.74 million)
2001,Yaadein,Mukta Arts,₹ 34.59 crore (US$7.33 million)
2001,Lajja,Rajkumar Santoshi Productions,₹ 34.29 crore (US$7.27 million)
2001,Jodi No.1,Time Magnetics,₹ 34.13 crore (US$7.23 million)
2002,Devdas,,₹ 90 crore
2002,Raaz,,₹ 37.2 crore
2002,Kaante,,₹ 36.37 crore
2002,Hum Tumhare Hain Sanam,,₹ 34.76 crore
2002,Aankhen,,₹ 33.80 crore
2002,Mujhse Dosti Karoge!,,₹ 33.61 crore
2002,Humraaz,,₹ 29.71 crore
2002,Saathiya,,₹ 29.15 crore
2002,Awara Paagal Deewana,,₹ 27.58 crore
2002,Company,,₹ 25.02 crore
2003,Kal Ho Naa Ho,Dharma Productions,₹ 86.09 crore (US$18.48 million)
2003,Koi... Mil Gaya,Filmkraft Productions Pvt. Ltd,₹ 82.32 crore (US$17.67 million)
2003,The Hero: Love Story of a Spy,Time Magnetics (India) Pvt. Ltd,₹ 45.13 crore (US$9.69 million)
2003,Chalte Chalte,Dreamz Unlimited UTV Motion Pictures,₹ 43.29 crore (US$9.29 million)
2003,Baghban,B. R. Films,₹ 43.11 crore (US$9.25 million)
2003,Munna Bhai M.B.B.S.,Vinod Chopra Productions Entertainment One,₹ 36.29 crore (US$7.79 million)
2003,Main Prem Ki Diwani Hoon,Rajshri Productions,₹ 39.31 crore (US$8.44 million)
2003,LOC: Kargil,J. P. Films,₹ 31.67 crore (US$6.8 million)
2003,Andaaz,Shree Krishna International,₹ 28.81 crore (US$6.18 million)
2003,Qayamat: City Under Threat,Bawaja Movies,₹ 28.52 crore (US$6.12 million)
2004,Veer-Zaara,Yash Raj Films,₹ 97.64 crore (US$21.55 million)
2004,Main Hoon Na,Red Chillies Entertainment Eros International,₹ 84 crore (US$18.54 million)
2004,Dhoom,Yash Raj Films,₹ 72.47 crore (US$15.99 million)
2004,Mujhse Shaadi Karogi,Nadiadwala Grandson Entertainment,₹ 62 crore (US$13.68 million)
2004,Khakee,DMS Films Private Limited,₹ 49.89 crore (US$11.01 million)
2004,Hum Tum,Yash Raj Films,₹ 43.22 crore (US$9.54 million)
2004,Swades,Ashutosh Gowariker Productions,₹ 40.2 crore (US$8.87 million)
2004,Masti,Maruti Films,₹ 34.14 crore (US$7.53 million)
2004,Hulchul,Venus Records & Tapes,₹ 33.09 crore (US$7.3 million)
2004,Aitraaz,Mukta Arts,₹ 29 crore (US$6.4 million)
2005,No Entry,SK Film Entertainment Sahara One Motion Pictures,"₹ 95,13,50,000 (equivalent to ₹ 3.2 billion or US$34 million in 2023)"
2005,Bunty Aur Babli,Yash Raj Films,"₹ 90,40,05,000 (equivalent to ₹ 3.1 billion or US$32 million in 2023)"
2005,Garam Masala,Venus Records & Tapes,"₹ 64,65,17,500 (equivalent to ₹ 2.2 billion or US$23 million in 2023)"
2005,Mangal Pandey: The Rising,Kaleidoscope Entertainment,"₹ 52,57,85,000 (equivalent to ₹ 1.8 billion or US$19 million in 2023)"
2005,Maine Pyaar Kyun Kiya?,Shree Ashtavinayak Cinevision Sohail Khan Productions,"₹ 47,22,25,000 (equivalent to ₹ 1.6 billion or US$17 million in 2023)"
2005,Waqt: The Race Against Time,Eros International Blockbuster Movie Entertainers,"₹ 42,48,62,500 (equivalent to ₹ 1.4 billion or US$15 million in 2023)"
2005,Black,Applause Entertainment Sanjay Leela Bhansali Films,"₹ 40,93,70,000 (equivalent to ₹ 1.4 billion or US$15 million in 2023)"
2005,Sarkar,RGV Film Company,"₹ 39,30,47,500 (equivalent to ₹ 1.3 billion or US$14 million in 2023)"
2005,Dus,Karma Entertainment,"₹ 38,83,70,000 (equivalent to ₹ 1.3 billion or US$14 million in 2023)"
2006,Dhoom 2,Yash Raj Films,₹ 151 crore (US$33.33 million)
2006,Krrish,Filmkraft Productions,₹ 126.5 crore (US$27.92 million)
2006,Lage Raho Munna Bhai,Eros International Vinod Chopra Films,₹ 126.2 crore (US$27.85 million)
2006,Kabhi Alvida Naa Kehna,Dharma Productions Yash Raj Films,₹ 113 crore (US$24.94 million)
2006,Don: The Chase Begins Again,UTV Motion Pictures Eros International Excel Entertainment,₹ 106 crore (US$23.4 million)
2006,Fanaa,Yash Raj Films,₹ 103 crore (US$22.73 million)
2006,Rang De Basanti,UTV Motion Pictures Rakeysh Omprakash Mehra Pictures,₹ 97 crore (US$21.41 million)
2006,Phir Hera Pheri,Base Industries Group,₹ 69 crore (US$15.23 million)
2006,Bhagam Bhag,UTV Motion Pictures Indian Films Shree Ashtavinayak Cine Vision Popcorn Entertainment,₹ 67 crore (US$14.79 million)
2006,Vivah,Rajshri Productions,₹ 49 crore (US$10.82 million)
2007,Om Shanti Om,,₹ 152 crore
2007,Welcome,,₹122 crore
2007,Chak De! India,,₹ 109 crore
2007,Partner,,₹ 101 crore
2007,Taare Zameen Par,,₹ 98.48 crore
2007,Heyy Babyy,,₹ 84 crore
2007,Guru,,₹ 83.67 crore
2007,Bhool Bhulaiyaa,,₹ 83 crore
2007,Namastey London,,₹ 71.4 crore
2007,Ta Ra Rum Pum,,₹ 70 crore
2008,Ghajini,Indian Films Big Pictures Geetha Arts,₹ 232 crore (US$53.33 million)
2008,Rab Ne Bana Di Jodi,Yash Raj Films,₹ 157 crore (US$36.09 million)
2008,Singh Is Kinng,Indian Films Big Pictures Hari Om Entertainment Blockbuster Movie Entertainers,₹ 136 crore (US$31.26 million)
2008,Jodhaa Akbar,UTV Motion Pictures Ashutosh Gowariker Productions,₹ 120 crore (US$27.58 million)
2008,Race,UTV Motion Pictures Tips Industries,₹ 106 crore (US$24.37 million)
2008,Golmaal Returns,Shree Ashtavinayak Cine Vision Indian Films,₹ 95 crore (US$21.84 million)
2008,Dostana,Yash Raj Films Dharma Productions,₹ 87 crore (US$20 million)
2008,Bachna Ae Haseeno,Yash Raj Films,₹ 79 crore (US$18.16 million)
2008,Bhoothnath,Eros International Indian Films B. R. Films,₹ 70 crore (US$16.09 million)
2008,Sarkar Raj,Eros International Adlabs Balaji Motion Pictures Raksha Entertainment K Sera Sera Z Picture Company,₹ 63 crore (US$14.48 million)
2009,3 Idiots,Reliance Big Pictures Vinod Chopra Films,₹ 400.61 crore (US$82.76 million)
2009,Love Aaj Kal,Eros International Illuminati Films,₹ 119.52 crore (US$24.69 million)
2009,Ajab Prem Ki Ghazab Kahani,Tips Industries,₹ 106.74 crore (US$22.05 million)
2009,Wanted,Sahara One Motion Pictures Eros International BSK Network & Entertainment,₹ 93.23 crore (US$19.26 million)
2009,Kambakkht Ishq,Eros International Nadiadwala Grandson Entertainment,₹ 85.56 crore (US$17.68 million)
2009,De Dana Dan,Baba Arts Hari Om Entertainment Eros International Venus Records & Tapes,₹ 81.85 crore (US$16.91 million)
2009,New York,Yash Raj Films,₹ 78.34 crore (US$16.18 million)
2009,Kaminey,UTV Motion Pictures,₹ 71.57 crore (US$14.79 million)
2009,Blue,Shree Ashtavinayak Cine Vision,₹ 63.92 crore (US$13.21 million)
2009,All the Best: Fun Begins,Kinesis Films Ajay Devgn Films,₹ 61 crore (US$12.6 million)
2010,Dabangg,Shree Ashtavinayak Cine Vision Arbaaz Khan Productions,₹ 221.14 crore (US$48.36 million)
2010,My Name Is Khan,Fox Star Studios Fox Searchlight Pictures Dharma Productions Red Chillies Entertainment Image Nation Abu Dhabi,₹ 220.3 crore (US$48.18 million)
2010,Golmaal 3,Shree Ashtavinayak Cine Vision Eros International Shree Ashtavinayak Light Camera Action,₹ 167 crore (US$36.52 million)
2010,Raajneeti,UTV Motion Pictures Walkwater Media Prakash Raj Productions,₹ 145.50 crore (US$31.82 million)
2010,Housefull,Eros International Nadiadwala Grandson Entertainment,₹ 114.18 crore (US$24.97 million)
2010,Tees Maar Khan,Hari Om Entertainment UTV Motion Pictures Three's Company Productions,₹ 101.89 crore (US$22.28 million)
2010,Once Upon A Time In Mumbaai,Balaji Motion Pictures,₹ 96.44 crore (US$21.09 million)
2010,I Hate Luv Storys,UTV Motion Pictures Dharma Productions,₹ 72.52 crore (US$15.86 million)
2010,Anjaana Anjaani,Eros International Nadiadwala Grandson Entertainment,₹ 69.85 crore (US$15.28 million)
2010,Khatta Meetha,Cape Of Good Films Hari Om Entertainment Shree Ashtavinayak Cine Vision,₹ 62.79 crore (US$13.73 million)
