year,title,gross,director,cast,url
2000,Kaho Naa... Pyaar Hai,₹80.01 crore,Rakesh Roshan,Hrithik Roshan; Ameesha Patel; Anupam Kher; Dalip Tahil; Mohnish Bahl,https://en.wikipedia.org/wiki/Kaho_Naa..._Pyaar_Hai
2000,Mohabbatein,₹76.91 crore,Aditya Chopra,Amitabh Bachchan; Shah Rukh Khan; Aishwarya Rai,https://en.wikipedia.org/wiki/Mohabbatein
2000,Mission Kashmir,₹43.30 crore,Vidhu Vinod Chopra,Sanjay Dutt; Hrithik Roshan; Preity Zinta; Sonali Kulkarni; Jackie Shroff,https://en.wikipedia.org/wiki/Mission_Kashmir
2000,Dulhan Hum Le Jayenge,₹36.87 crore,David Dhawan,Salman Khan; Karisma Kapoor,https://en.wikipedia.org/wiki/Dulhan_Hum_Le_Jayenge
2000,Refugee,₹35.44 crore,J. P. Dutta,Abhishek Bachchan; Kareena Kapoor; Jackie Shroff; Suniel Shetty,https://en.wikipedia.org/wiki/Refugee_(2000_film)
2000,Josh,₹35.06 crore,Mansoor Khan,Shah Rukh Khan; Chandrachur Singh; Aishwarya Rai; Sharad Kapoor; Priya Gill,https://en.wikipedia.org/wiki/Josh_(2000_film)
2000,Har Dil Jo Pyar Karega,₹32.45 crore,Raj Kanwar,Salman Khan; Preity Zinta; Rani Mukerji; Paresh Rawal,https://en.wikipedia.org/wiki/Har_Dil_Jo_Pyar_Karega
2000,Fiza,₹32.20 crore,Khalid Mohammed,Karishma Kapoor; Hrithik Roshan; Jaya Bachchan,https://en.wikipedia.org/wiki/Fiza
2000,Hamara Dil Aapke Paas Hai,₹30.26 crore,Satish Kaushik,Anil Kapoor; Aishwarya Rai; Sonali Bendre,https://en.wikipedia.org/wiki/Hamara_Dil_Aapke_Paas_Hai
2000,Mela,₹25 crore,Dharmesh Darshan,Aamir Khan; Twinkle Khanna; Faisal Khan; Johnny Lever; Tinu Verma; Asrani,https://en.wikipedia.org/wiki/Mela_(2000_film)
2001,Kabhi Khushi Kabhie Gham,₹ 135.53 crore (US$28.72 million),Karan Johar,Amitabh Bachchan; Jaya Bachchan; Shah Rukh Khan; Kajol; Hrithik Roshan; Kareena Kapoor,https://en.wikipedia.org/wiki/Kabhi_Khushi_Kabhie_Gham
2001,Gadar: Ek Prem Katha,₹ 133.13 crore (US$28.21 million),Anil Sharma,Sunny Deol; Ameesha Patel; Amrish Puri; Vivek Shauq; Lillete Dubey; Utkarsh Sharma,https://en.wikipedia.org/wiki/Gadar:_Ek_Prem_Katha
2001,Lagaan,₹ 65.97 crore (US$13.98 million),Ashutosh Gowariker,Aamir Khan; Gracy Singh; Rachel Shelley; Paul Blackthorne,https://en.wikipedia.org/wiki/Lagaan
2001,Indian,₹ 42.61 crore (US$9.03 million),N. Maharajan,Sunny Deol; Shilpa Shetty; Danny Denzongpa; Raj Babbar; Mukesh Rishi; Rahul Dev,https://en.wikipedia.org/wiki/Indian_(2001_film)
2001,Dil Chahta Hai,₹ 39.72 crore (US$8.42 million),Farhan Akhtar,Aamir Khan; Saif Ali Khan; Akshaye Khanna; Preity Zinta; Sonali Kulkarni; Dimple Kapadia,https://en.wikipedia.org/wiki/Dil_Chahta_Hai
2001,Chori Chori Chupke Chupke,₹ 37.51 crore (US$7.95 million),Abbas–Mustan,Salman Khan; Rani Mukerji; Preity Zinta,https://en.wikipedia.org/wiki/Chori_Chori_Chupke_Chupke
2001,Ek Rishtaa: The Bond of Love,₹ 36.50 crore (US$7.74 million),Suneel Darshan,Amitabh Bachchan; Akshay Kumar; Rakhee Gulzar; Juhi Chawla; Karishma Kapoor; Mohnish Bahl,https://en.wikipedia.org/wiki/Ek_Rishtaa:_The_Bond_of_Love
2001,Yaadein,₹ 34.59 crore (US$7.33 million),Subhash Ghai,Jackie Shroff; Hrithik Roshan; Kareena Kapoor; Amrish Puri,https://en.wikipedia.org/wiki/Yaadein_(2001_film)
2001,Lajja,₹ 34.29 crore (US$7.27 million),Rajkumar Santoshi,Manisha Koirala; Madhuri Dixit; Rekha; Mahima Chaudhry; Anil Kapoor; Ajay Devgn; Jackie Shroff; Danny Denzongpa,https://en.wikipedia.org/wiki/Lajja_(2001_film)
2001,Jodi No.1,₹ 34.13 crore (US$7.23 million),David Dhawan,Sanjay Dutt; Govinda; Twinkle Khanna; Monica Bedi; Anupam Kher,https://en.wikipedia.org/wiki/Jodi_No.1_(film)
2002,Devdas,₹ 90 crore,Sanjay Leela Bhansali,Shah Rukh Khan; Aishwarya Rai; Madhuri Dixit,https://en.wikipedia.org/wiki/Devdas_(2002_Hindi_film)
2002,Raaz,₹ 37.2 crore,Vikram Bhatt,Dino Morea; Bipasha Basu; Malini Sharma; Ashutosh Rana,https://en.wikipedia.org/wiki/Raaz_(2002_film)
2002,Kaante,₹ 36.37 crore,Sanjay Gupta,Amitabh Bachchan; Sanjay Dutt; Sunil Shetty; Lucky Ali; Mahesh Manjrekar; Kumar Gaurav,https://en.wikipedia.org/wiki/Kaante
2002,Hum Tumhare Hain Sanam,₹ 34.76 crore,K. S. Adhiyaman,Salman Khan; Shah Rukh Khan; Madhuri Dixit,https://en.wikipedia.org/wiki/Hum_Tumhare_Hain_Sanam
2002,Aankhen,₹ 33.80 crore,Vipul Amrutlal Shah,Amitabh Bachchan; Akshay Kumar; Arjun Rampal; Sushmita Sen; Paresh Rawal; Aditya Pancholi,https://en.wikipedia.org/wiki/Aankhen_(2002_film)
2002,Mujhse Dosti Karoge!,₹ 33.61 crore,Kunal Kohli,Hrithik Roshan; Rani Mukerji; Kareena Kapoor; Uday Chopra,https://en.wikipedia.org/wiki/Mujhse_Dosti_Karoge!
2002,Humraaz,₹ 29.71 crore,Abbas–Mustan,Bobby Deol; Akshaye Khanna; Ameesha Patel,https://en.wikipedia.org/wiki/Humraaz
2002,Saathiya,₹ 29.15 crore,Shaad Ali,Rani Mukerji; Vivek Oberoi,https://en.wikipedia.org/wiki/Saathiya_(film)
2002,Awara Paagal Deewana,₹ 27.58 crore,Vikram Bhatt,Akshay Kumar; Sunil Shetty; Aftab Shivdasani; Paresh Rawal; Preeti Jhangiani; Aarti Chhabria; Amrita Arora; Johnny Lever; Rahul Dev,https://en.wikipedia.org/wiki/Awara_Paagal_Deewana
2002,Company,₹ 25.02 crore,Ram Gopal Varma,Mohanlal; Ajay Devgn; Vivek Oberoi; Manisha Koirala; Antara Mali; Seema Biswas,https://en.wikipedia.org/wiki/Company_(2002_film)
2003,Kal Ho Naa Ho,₹ 86.09 crore (US$18.48 million),Nikhil Advani,Jaya Bachchan; Shah Rukh Khan; Saif Ali Khan; Preity Zinta,https://en.wikipedia.org/wiki/Kal_Ho_Naa_Ho
2003,Koi... Mil Gaya,₹ 82.32 crore (US$17.67 million),Rakesh Roshan,Hrithik Roshan; Preity Zinta; Rekha; Rakesh Roshan; Prem Chopra,https://en.wikipedia.org/wiki/Koi..._Mil_Gaya
2003,The Hero: Love Story of a Spy,₹ 45.13 crore (US$9.69 million),Anil Sharma,Sunny Deol; Preity Zinta; Priyanka Chopra; Amrish Puri; Kabir Bedi; Shahbaz Khan; Rajpal Yadav,https://en.wikipedia.org/wiki/The_Hero:_Love_Story_of_a_Spy
2003,Chalte Chalte,₹ 43.29 crore (US$9.29 million),Aziz Mirza,Shah Rukh Khan; Rani Mukerji,https://en.wikipedia.org/wiki/Chalte_Chalte_(2003_film)
2003,Baghban,₹ 43.11 crore (US$9.25 million),Ravi Chopra,Amitabh Bachchan; Hema Malini; Salman Khan; Mahima Chaudhry,https://en.wikipedia.org/wiki/Baghban_(2003_film)
2003,Munna Bhai M.B.B.S.,₹ 36.29 crore (US$7.79 million),Rajkumar Hirani,Sunil Dutt; Sanjay Dutt; Gracy Singh; Arshad Warsi; Boman Irani; Jimmy Sheirgill; Rohini Hattangadi,https://en.wikipedia.org/wiki/Munna_Bhai_M.B.B.S.
2003,Main Prem Ki Diwani Hoon,₹ 39.31 crore (US$8.44 million),Sooraj Barjatya,Hrithik Roshan; Kareena Kapoor; Abhishek Bachchan,https://en.wikipedia.org/wiki/Main_Prem_Ki_Diwani_Hoon
2003,LOC: Kargil,₹ 31.67 crore (US$6.8 million),J. P. Dutta,Akshaye Khanna; Sanjay Dutt; Ajay Devgn; Saif Ali Khan; Sunil Shetty; Abhishek Bachchan; Mohnish Bahl; Sanjay Kapoor; Manoj Bajpayee; Ashutosh Rana; Karan Nath; Amar Upadhyay; Nagarjuna Akkineni,https://en.wikipedia.org/wiki/LOC:_Kargil
2003,Andaaz,₹ 28.81 crore (US$6.18 million),Raj Kanwar,Akshay Kumar; Lara Dutta; Priyanka Chopra,https://en.wikipedia.org/wiki/Andaaz
2003,Qayamat: City Under Threat,₹ 28.52 crore (US$6.12 million),Harry Baweja,Ajay Devgn; Suniel Shetty; Neha Dhupia; Sanjay Kapoor; Arbaaz Khan; Isha Koppikar; Riya Sen,https://en.wikipedia.org/wiki/Qayamat:_City_Under_Threat
2004,Veer-Zaara,₹ 97.64 crore (US$21.55 million),Yash Chopra,Shah Rukh Khan; Preity Zinta; Rani Mukerji,https://en.wikipedia.org/wiki/Veer-Zaara
2004,Main Hoon Na,₹ 84 crore (US$18.54 million),Farah Khan,Shah Rukh Khan; Sushmita Sen; Zayed Khan; Amrita Rao; Suniel Shetty,https://en.wikipedia.org/wiki/Main_Hoon_Na
2004,Dhoom,₹ 72.47 crore (US$15.99 million),Sanjay Gadhvi,Abhishek Bachchan; Uday Chopra; John Abraham; Esha Deol; Rimi Sen,https://en.wikipedia.org/wiki/Dhoom
2004,Mujhse Shaadi Karogi,₹ 62 crore (US$13.68 million),David Dhawan,Salman Khan; Akshay Kumar; Priyanka Chopra,https://en.wikipedia.org/wiki/Mujhse_Shaadi_Karogi
2004,Khakee,₹ 49.89 crore (US$11.01 million),Rajkumar Santoshi,Amitabh Bachchan; Akshay Kumar; Ajay Devgn; Aishwarya Rai; Tusshar Kapoor; Atul Kulkarni,https://en.wikipedia.org/wiki/Khakee_(film)
2004,Hum Tum,₹ 43.22 crore (US$9.54 million),Kunal Kohli,Saif Ali Khan; Rani Mukerji; Rishi Kapoor; Kirron Kher; Jimmy Sheirgill,https://en.wikipedia.org/wiki/Hum_Tum_(film)
2004,Swades,₹ 40.2 crore (US$8.87 million),Ashutosh Gowariker,Shah Rukh Khan; Gayatri Joshi; Kishori Ballal,https://en.wikipedia.org/wiki/Swades
2004,Masti,₹ 34.14 crore (US$7.53 million),Indra Kumar,Ajay Devgn; Vivek Oberoi; Aftab Shivdasani; Riteish Deshmukh; Lara Dutta; Amrita Rao; Tara Sharma; Genelia,https://en.wikipedia.org/wiki/Masti_(2004_film)
2004,Hulchul,₹ 33.09 crore (US$7.3 million),Priyadarshan,Akshaye Khanna Kareena Kapoor Suniel Shetty Jackie Shroff Arbaaz Khan Arshad Warsi Paresh Rawal Amrish Puri Asrani Manoj Joshi Shakti Kapoor; Akshaye Khanna; Kareena Kapoor; Suniel Shetty; Jackie Shroff; Arbaaz Khan; Arshad Warsi; Paresh Rawal; Amrish Puri; Asrani; Manoj Joshi; Shakti Kapoor,https://en.wikipedia.org/wiki/Hulchul_(2004_film)
2004,Aitraaz,₹ 29 crore (US$6.4 million),Abbas–Mustan,Akshay Kumar; Priyanka Chopra; Kareena Kapoor; Amrish Puri; Annu Kapoor; Paresh Rawal,https://en.wikipedia.org/wiki/Aitraaz
2005,No Entry,"₹ 95,13,50,000 (equivalent to ₹ 3.2 billion or US$34 million in 2023)",Anees Bazmee,Anil Kapoor; Salman Khan; Fardeen Khan; Bipasha Basu; Esha Deol; Lara Dutta; Celina Jaitley,https://en.wikipedia.org/wiki/No_Entry
2005,Bunty Aur Babli,"₹ 90,40,05,000 (equivalent to ₹ 3.1 billion or US$32 million in 2023)",Shaad Ali,Amitabh Bachchan; Abhishek Bachchan; Rani Mukerji,https://en.wikipedia.org/wiki/Bunty_Aur_Babli
2005,Garam Masala,"₹ 64,65,17,500 (equivalent to ₹ 2.2 billion or US$23 million in 2023)",Priyadarshan,Akshay Kumar; John Abraham; Paresh Rawal; Rimi Sen; Neha Dhupia; Daisy Bopanna; Neetu Chandra; Nargis Bagheri; Rajpal Yadav; Manoj Joshi; Asrani,https://en.wikipedia.org/wiki/Garam_Masala_(2005_film)
2005,Mangal Pandey: The Rising,"₹ 52,57,85,000 (equivalent to ₹ 1.8 billion or US$19 million in 2023)",Ketan Mehta,Aamir Khan; Toby Stephens; Rani Mukerji; Ameesha Patel; Kirron Kher,https://en.wikipedia.org/wiki/Mangal_Pandey:_The_Rising
2005,Maine Pyaar Kyun Kiya?,"₹ 47,22,25,000 (equivalent to ₹ 1.6 billion or US$17 million in 2023)",David Dhawan,Salman Khan Sushmita Sen Katrina Kaif Sohail Khan Arshad Warsi Isha Koppikar; Salman Khan; Sushmita Sen; Katrina Kaif; Sohail Khan; Arshad Warsi; Isha Koppikar,https://en.wikipedia.org/wiki/Maine_Pyaar_Kyun_Kiya%3F
2005,Waqt: The Race Against Time,"₹ 42,48,62,500 (equivalent to ₹ 1.4 billion or US$15 million in 2023)",Vipul Amrutlal Shah,Amitabh Bachchan; Akshay Kumar; Priyanka Chopra; Shefali Shah; Rajpal Yadav; Boman Irani,https://en.wikipedia.org/wiki/Waqt:_The_Race_Against_Time
2005,Black,"₹ 40,93,70,000 (equivalent to ₹ 1.4 billion or US$15 million in 2023)",Sanjay Leela Bhansali,Amitabh Bachchan; Rani Mukerji,https://en.wikipedia.org/wiki/Black_(2005_film)
2005,Sarkar,"₹ 39,30,47,500 (equivalent to ₹ 1.3 billion or US$14 million in 2023)",Ram Gopal Varma,Amitabh Bachchan; Abhishek Bachchan; Kay Kay Menon,https://en.wikipedia.org/wiki/Sarkar_(2005_film)
2005,Dus,"₹ 38,83,70,000 (equivalent to ₹ 1.3 billion or US$14 million in 2023)",Anubhav Sinha,Sanjay Dutt; Sunil Shetty; Abhishek Bachchan; Zayed Khan,https://en.wikipedia.org/wiki/Dus
2006,Dhoom 2,₹ 151 crore (US$33.33 million),Sanjay Gadhvi,Hrithik Roshan; Abhishek Bachchan; Aishwarya Rai; Uday Chopra; Bipasha Basu,https://en.wikipedia.org/wiki/Dhoom_2
2006,Krrish,₹ 126.5 crore (US$27.92 million),Rakesh Roshan,Hrithik Roshan; Priyanka Chopra; Naseeruddin Shah; Rekha; Sharat Saxena; Manini Mishra,https://en.wikipedia.org/wiki/Krrish
2006,Lage Raho Munna Bhai,₹ 126.2 crore (US$27.85 million),Rajkumar Hirani,Sanjay Dutt; Arshad Warsi; Vidya Balan; Jimmy Sheirgill; Boman Irani; Dia Mirza; Dilip Prabhavalkar,https://en.wikipedia.org/wiki/Lage_Raho_Munna_Bhai
2006,Kabhi Alvida Naa Kehna,₹ 113 crore (US$24.94 million),Karan Johar,Amitabh Bachchan; Shah Rukh Khan; Abhishek Bachchan; Rani Mukerji; Preity Zinta; Kirron Kher,https://en.wikipedia.org/wiki/Kabhi_Alvida_Naa_Kehna
2006,Don: The Chase Begins Again,₹ 106 crore (US$23.4 million),Farhan Akhtar,Shah Rukh Khan; Priyanka Chopra; Arjun Rampal; Isha Koppikar; Boman Irani; Pavan Malhotra; Rajesh Khattar; Om Puri; Kareena Kapoor,https://en.wikipedia.org/wiki/Don_(2006_Hindi_film)
2006,Fanaa,₹ 103 crore (US$22.73 million),Kunal Kohli,Aamir Khan; Kajol; Rishi Kapoor; Ali Haji; Tabu; Kirron Kher,https://en.wikipedia.org/wiki/Fanaa_(2006_film)
2006,Rang De Basanti,₹ 97 crore (US$21.41 million),Rakeysh Omprakash Mehra,Aamir Khan; Siddharth; Atul Kulkarni; Sharman Joshi; Kunal Kapoor; Alice Patten; Soha Ali Khan; Waheeda Rehman; Anupam Kher; Kirron Kher; Om Puri,https://en.wikipedia.org/wiki/Rang_De_Basanti
2006,Phir Hera Pheri,₹ 69 crore (US$15.23 million),Neeraj Vora,Akshay Kumar; Suniel Shetty; Paresh Rawal; Bipasha Basu; Rimi Sen; Sharat Saxena; Johnny Lever; Rajpal Yadav; Milind Gunaji; Manoj Joshi; Razak Khan,https://en.wikipedia.org/wiki/Phir_Hera_Pheri
2006,Bhagam Bhag,₹ 67 crore (US$14.79 million),Priyadarshan,Akshay Kumar; Govinda; Paresh Rawal; Jackie Shroff; Arbaaz Khan; Lara Dutta; Rajpal Yadav; Shakti Kapoor; Asrani,https://en.wikipedia.org/wiki/Bhagam_Bhag
2006,Vivah,₹ 49 crore (US$10.82 million),Sooraj R. Barjatya,Shahid Kapoor; Amrita Rao; Anupam Kher; Alok Nath,https://en.wikipedia.org/wiki/Vivah
2007,Om Shanti Om,₹ 152 crore,Farah Khan,Shah Rukh Khan; Deepika Padukone; Arjun Rampal; Shreyas Talpade; Kirron Kher,https://en.wikipedia.org/wiki/Om_Shanti_Om
2007,Welcome,₹122 crore,Anees Bazmee,Feroz Khan; Anil Kapoor; Nana Patekar; Akshay Kumar; Katrina Kaif; Paresh Rawal; Mallika Sherawat,https://en.wikipedia.org/wiki/Welcome_(2007_film)
2007,Chak De! India,₹ 109 crore,Shimit Amin,Shah Rukh Khan,https://en.wikipedia.org/wiki/Chak_De!_India
2007,Partner,₹ 101 crore,David Dhawan,Govinda; Salman Khan; Lara Dutta; Katrina Kaif,https://en.wikipedia.org/wiki/Partner_(2007_film)
2007,Taare Zameen Par,₹ 98.48 crore,Aamir Khan,Darsheel Safary; Aamir Khan; Tisca Chopra; Vipin Sharma; Tanay Chheda,https://en.wikipedia.org/wiki/Taare_Zameen_Par
2007,Heyy Babyy,₹ 84 crore,Sajid Khan,Akshay Kumar; Fardeen Khan; Riteish Deshmukh; Vidya Balan; Boman Irani; Juanna Sanghvi,https://en.wikipedia.org/wiki/Heyy_Babyy
2007,Guru,₹ 83.67 crore,Mani Ratnam,Abhishek Bachchan; Aishwarya Rai; Mithun Chakraborty; R. Madhavan; Vidya Balan,https://en.wikipedia.org/wiki/Guru_(2007_film)
2007,Bhool Bhulaiyaa,₹ 83 crore,Priyadarshan,Akshay Kumar; Vidya Balan; Shiney Ahuja; Ameesha Patel; Paresh Rawal; Manoj Joshi; Asrani; Rajpal Yadav,https://en.wikipedia.org/wiki/Bhool_Bhulaiyaa
2007,Namastey London,₹ 71.4 crore,Vipul Amrutlal Shah,Rishi Kapoor; Akshay Kumar; Katrina Kaif; Nina Wadia; Upen Patel; Clive Standen,https://en.wikipedia.org/wiki/Namastey_London
2007,Ta Ra Rum Pum,₹ 70 crore,Siddharth Anand,Saif Ali Khan; Rani Mukerji; Angelina Idnani; Ali Haji; Javed Jaffrey,https://en.wikipedia.org/wiki/Ta_Ra_Rum_Pum
2008,Ghajini,₹ 232 crore (US$53.33 million),A R Murugadoss,Aamir Khan; Asin; Jiah Khan; Pradeep Rawat,https://en.wikipedia.org/wiki/Ghajini_(2008_film)
2008,Rab Ne Bana Di Jodi,₹ 157 crore (US$36.09 million),Aditya Chopra,Shah Rukh Khan; Anushka Sharma; Vinay Pathak,https://en.wikipedia.org/wiki/Rab_Ne_Bana_Di_Jodi
2008,Singh Is Kinng,₹ 136 crore (US$31.26 million),Anees Bazmee,Akshay Kumar; Katrina Kaif; Om Puri; Ranvir Shorey; Neha Dhupia; Javed Jaffrey; Sonu Sood; Kirron Kher,https://en.wikipedia.org/wiki/Singh_Is_Kinng
2008,Jodhaa Akbar,₹ 120 crore (US$27.58 million),Ashutosh Gowariker,Hrithik Roshan; Aishwarya Rai Bachchan,https://en.wikipedia.org/wiki/Jodhaa_Akbar
2008,Race,₹ 106 crore (US$24.37 million),Abbas–Mustan,Anil Kapoor; Saif Ali Khan; Akshaye Khanna; Bipasha Basu; Katrina Kaif; Sameera Reddy,https://en.wikipedia.org/wiki/Race_(2008_film)
2008,Golmaal Returns,₹ 95 crore (US$21.84 million),Rohit Shetty,Ajay Devgn; Kareena Kapoor; Arshad Warsi; Shreyas Talpade; Tusshar Kapoor; Amrita Arora; Celina Jaitley; Anjana Sukhani,https://en.wikipedia.org/wiki/Golmaal_Returns
2008,Dostana,₹ 87 crore (US$20 million),Tarun Mansukhani,Abhishek Bachchan; John Abraham; Priyanka Chopra; Kirron Kher,https://en.wikipedia.org/wiki/Dostana_(2008_film)
2008,Bachna Ae Haseeno,₹ 79 crore (US$18.16 million),Siddharth Anand,Ranbir Kapoor; Bipasha Basu; Deepika Padukone; Minissha Lamba,https://en.wikipedia.org/wiki/Bachna_Ae_Haseeno
2008,Bhoothnath,₹ 70 crore (US$16.09 million),Vivek Sharma,Amitabh Bachchan; Juhi Chawla; Shah Rukh Khan; Aman Siddiqui; Rajpal Yadav; Priyanshu Chatterjee,https://en.wikipedia.org/wiki/Bhoothnath
2008,Sarkar Raj,₹ 63 crore (US$14.48 million),Ram Gopal Varma,Amitabh Bachchan; Abhishek Bachchan; Aishwarya Rai Bachchan; Dilip Prabhavalkar; Supriya Pathak,https://en.wikipedia.org/wiki/Sarkar_Raj
2009,3 Idiots,₹ 400.61 crore (US$82.76 million),Rajkumar Hirani,Aamir Khan; R. Madhavan; Sharman Joshi; Kareena Kapoor Khan; Boman Irani; Mona Singh,https://en.wikipedia.org/wiki/3_Idiots
2009,Love Aaj Kal,₹ 119.52 crore (US$24.69 million),Imtiaz Ali,Saif Ali Khan; Deepika Padukone; Giselli Monteiro; Rishi Kapoor,https://en.wikipedia.org/wiki/Love_Aaj_Kal_(2009_film)
2009,Ajab Prem Ki Ghazab Kahani,₹ 106.74 crore (US$22.05 million),Rajkumar Santoshi,Ranbir Kapoor; Katrina Kaif,https://en.wikipedia.org/wiki/Ajab_Prem_Ki_Ghazab_Kahani
2009,Wanted,₹ 93.23 crore (US$19.26 million),Prabhu Deva,Salman Khan; Ayesha Takia; Prakash Raj; Vinod Khanna; Mahesh Manjrekar,https://en.wikipedia.org/wiki/Wanted_(2009_film)
2009,Kambakkht Ishq,₹ 85.56 crore (US$17.68 million),Sabbir Khan,Akshay Kumar; Kareena Kapoor; Aftab Shivdasani; Amrita Arora; Javed Jaffrey; Kirron Kher,https://en.wikipedia.org/wiki/Kambakkht_Ishq
2009,De Dana Dan,₹ 81.85 crore (US$16.91 million),Priyadarshan,Akshay Kumar; Suniel Shetty; Katrina Kaif; Paresh Rawal; Shakti Kapoor; Asrani,https://en.wikipedia.org/wiki/De_Dana_Dan
2009,New York,₹ 78.34 crore (US$16.18 million),Kabir Khan,John Abraham; Katrina Kaif; Neil Nitin Mukesh; Irrfan Khan,https://en.wikipedia.org/wiki/New_York_(2009_film)
2009,Kaminey,₹ 71.57 crore (US$14.79 million),Vishal Bhardwaj,Shahid Kapoor; Priyanka Chopra; Amole Gupte,https://en.wikipedia.org/wiki/Kaminey
2009,Blue,₹ 63.92 crore (US$13.21 million),Anthony D'Souza,Sanjay Dutt; Akshay Kumar; Lara Dutta; Katrina Kaif; Zayed Khan; Rahul Dev,https://en.wikipedia.org/wiki/Blue_(2009_film)
2009,All the Best: Fun Begins,₹ 61 crore (US$12.6 million),Rohit Shetty,Sanjay Dutt; Ajay Devgn; Fardeen Khan; Bipasha Basu; Mugdha Godse,https://en.wikipedia.org/wiki/All_the_Best:_Fun_Begins
2010,Dabangg,₹ 221.14 crore (US$48.36 million),Abhinav Kashyap,Salman Khan; Sonakshi Sinha; Arbaaz Khan; Sonu Sood; Vinod Khanna; Dimple Kapadia; Mahie Gill; Anupam Kher,https://en.wikipedia.org/wiki/Dabangg
2010,My Name Is Khan,₹ 220.3 crore (US$48.18 million),Karan Johar,Shah Rukh Khan; Kajol,https://en.wikipedia.org/wiki/My_Name_Is_Khan
2010,Golmaal 3,₹ 167 crore (US$36.52 million),Rohit Shetty,Mithun Chakraborty; Ratna Pathak Shah; Ajay Devgn; Arshad Warsi; Kareena Kapoor; Tusshar Kapoor; Shreyas Talpade; Kunal Khemu,https://en.wikipedia.org/wiki/Golmaal_3
2010,Raajneeti,₹ 145.50 crore (US$31.82 million),Prakash Jha,Ranbir Kapoor; Nana Patekar; Ajay Devgn; Katrina Kaif; Arjun Rampal; Manoj Bajpayee; Sarah Thompson; Naseeruddin Shah,https://en.wikipedia.org/wiki/Raajneeti
2010,Housefull,₹ 114.18 crore (US$24.97 million),Sajid Khan,Akshay Kumar; Ritesh Deshmukh; Arjun Rampal; Lara Dutta; Deepika Padukone; Jiah Khan,https://en.wikipedia.org/wiki/Housefull_(2010_film)
2010,Tees Maar Khan,₹ 101.89 crore (US$22.28 million),Farah Khan,Akshay Kumar; Akshaye Khanna; Katrina Kaif,https://en.wikipedia.org/wiki/Tees_Maar_Khan_(2010_film)
2010,Once Upon A Time In Mumbaai,₹ 96.44 crore (US$21.09 million),Milan Luthria,Ajay Devgn; Emraan Hashmi; Kangana Ranaut; Prachi Desai; Randeep Hooda,https://en.wikipedia.org/wiki/Once_Upon_A_Time_In_Mumbaai
2010,I Hate Luv Storys,₹ 72.52 crore (US$15.86 million),Punit Malhotra,Imran Khan; Sonam Kapoor,https://en.wikipedia.org/wiki/I_Hate_Luv_Storys
2010,Anjaana Anjaani,₹ 69.85 crore (US$15.28 million),Siddharth Anand,Ranbir Kapoor; Priyanka Chopra,https://en.wikipedia.org/wiki/Anjaana_Anjaani
2010,Khatta Meetha,₹ 62.79 crore (US$13.73 million),Priyadarshan,Akshay Kumar; Trisha; Urvashi Sharma; Rajpal Yadav,https://en.wikipedia.org/wiki/Khatta_Meetha_(2010_film)
