actor,nepo,n_films,rating_slope,log_votes_slope,rating_first,rating_last,votes_first,votes_last
Aahana Kumra,no,6,-0.0742857142857143,-0.07391182771508586,6.8,7.1,7862,10380
Aamir Bashir,no,8,0.008333333333333378,0.1683993817267638,5.3,6.5,1277,50970
Aamir Khan,yes,20,-0.028270676691729314,0.013273371032611374,3.8,6.9,5464,33822
Aarti Chabria,no,7,-0.18214285714285725,-0.03430709747175816,4.9,4.1,323,2137
Aashish Chaudhary,no,12,-0.019580419580419558,0.00028783139964823085,4.8,4.1,2742,5374
Abhay Deol,yes,21,-0.10961038961038962,-0.021271222138708412,7.4,5.7,8307,4830
Abhimanyu Singh,no,10,0.06545454545454547,-0.08925047497503028,7.6,5.7,5160,49
Abhishek Bachchan,yes,57,0.026840808918848845,0.016076873520303406,5.2,7.6,2240,10175
Abhishek Banerjee,no,13,-0.07417582417582416,0.04064407563760554,6.8,5.8,1803,2456
Adah Sharma,no,10,0.16242424242424247,0.0748792966663007,6.5,6.5,4765,880
Adhyayan Suman,no,7,0.042857142857142864,-0.08631665162786374,3.5,4.3,300,753
Adil Hussain,no,14,0.016483516483516467,-0.0625316467754763,5.3,7.3,8471,71
Aditi Rao Hydari,no,14,-0.07450549450549449,-0.008579797399473253,7.8,4.0,55214,15328
Aditya Pancholi,no,6,-0.7085714285714286,-0.11029196478076685,7.4,3.6,14805,3083
Aditya Roy Kapur,yes,13,-0.10824175824175827,0.00840315414411973,5.4,6.6,5216,23097
Aditya Seal,no,9,0.18166666666666664,0.07170839934876046,3.1,6.5,654,28454
Aditya Srivastava,no,6,0.46571428571428586,0.31455160714508296,5.2,5.9,262,4737
Aftab Shivdasani,no,37,-0.03219535324798482,0.0056737957261440404,6.1,5.0,1374,6239
Ahsaas Channa,no,5,-0.23999999999999994,-0.0028620952452789172,5.0,5.0,799,657
Aishwarya Rai,no,20,0.07902255639097747,0.017238044091606456,5.5,7.4,2223,5878
Aishwarya Rai Bachchan,no,7,-0.35714285714285715,-0.1554169411482376,7.5,4.5,36598,2494
Ajay Devgn,no,79,-0.0007838364167478098,0.015432965469744557,4.7,4.0,714,38527
Akhilendra Mishra,no,10,0.21333333333333335,0.01382455856523486,4.2,6.2,269,3926
Akshay Kumar,no,92,0.00322965954101999,0.009859186824818964,6.5,6.8,8960,13944
Akshay Oberoi,no,14,0.010769230769230765,-0.0008834972835400873,5.5,6.7,474,64
Akshaye Khanna,yes,29,0.023448275862068966,0.01864104009841939,8.0,8.3,79941,140800
Alaya F,no,5,-0.09999999999999991,0.07410142269350498,7.3,7.4,36668,14634
Ali Asgar,no,7,0.02142857142857148,-0.06583460628689076,5.1,3.7,1455,12753
Ali Fazal,no,16,0.008235294117647037,-0.010095070516085242,8.4,6.6,482868,23097
Ali Zafar,no,6,-0.44000000000000006,-0.10510720700977423,7.2,5.0,11129,3196
Alia Bhatt,yes,17,-0.03161764705882353,0.021695944978895567,5.3,6.0,22272,25019
Alka Amin,no,5,0.27999999999999997,-0.2594030622768676,5.5,7.8,401,26
Alok Nath,no,8,0.41785714285714287,-0.060669392996534566,5.8,7.4,16,27
Aman Verma,no,12,-0.018181818181818146,-0.14779909646591638,5.3,6.7,2994,1539
Ameesha Patel,no,11,0.044545454545454534,-0.14252850814483312,4.6,5.1,857,19
Amisha Patel,no,17,-0.030147058823529426,-0.018527991602299818,6.9,6.1,18644,3180
Amit Sadh,no,15,-0.02607142857142854,-0.005303361588513532,7.8,7.4,40039,3567
Amit Sial,no,7,0.44285714285714295,0.047873862806246156,3.9,7.7,324,516
Amitabh Bachchan,no,66,0.006398079532407893,0.008350837692149027,7.1,2.6,37377,10774
Amol Parashar,no,6,-0.09142857142857146,0.13599427714313986,6.8,5.6,94,361
Amole Gupte,no,5,-0.020000000000000018,-0.08026260251123363,7.4,6.4,19022,2806
Amrish Puri,no,15,-0.05214285714285712,0.060610039789146024,7.3,4.6,16716,1536
Amrita Arora,no,13,-0.01868131868131866,0.013197120119193913,6.3,4.4,10089,107
Amrita Puri,no,5,0.15000000000000008,0.07986246580371215,5.1,5.3,4636,4962
Amrita Rao,no,21,-0.0009090909090908822,0.0033533190285628504,3.5,6.4,269,40907
Amrita Singh,no,6,-0.24000000000000002,0.22109920616283274,5.4,3.2,894,6322
Amruta Subhash,no,5,-0.36,0.7238143359046638,7.5,5.7,136,52106
Amyra Dastur,no,8,0.22738095238095232,0.07300782633418439,4.4,7.1,529,7299
Anand Tiwari,no,5,0.15000000000000008,0.0360004977434321,5.1,4.7,4636,1443
Ananya Panday,yes,8,0.24523809523809526,0.019761375361965546,5.8,4.0,9254,28122
Angad Bedi,no,6,-0.10571428571428566,0.12203328616866002,5.8,5.7,4437,52106
Anil Kapoor,no,42,-0.006433838424762988,0.042472002046424345,5.3,5.9,919,36965
Anjali Patil,no,5,-0.05999999999999987,-0.3958964973756077,6.3,6.4,343,19
Anjana Sukhani,no,9,-0.1483333333333333,0.2003196688791908,6.2,5.7,118,10192
Annu Kapoor,no,19,0.04421052631578948,0.0027003105708167485,4.2,6.7,1723,587
Anshuman Jha,no,5,0.29,0.3709199831459133,5.2,6.2,66,2518
Antara Mali,no,8,-0.34523809523809523,-0.32192332279237107,7.9,6.2,17241,9
Anuj Sawhney,no,5,-0.05999999999999996,-0.0477434034338442,5.6,5.8,488,325
Anup Soni,no,6,-0.08285714285714281,0.015626459011253566,5.3,5.9,217,43
Anupam Kher,no,100,0.0056171617161716175,0.006767664108112222,6.9,6.5,18644,880
Anurag Kashyap,no,11,-0.10636363636363635,-0.03997391099401072,7.5,7.0,3978,4305
Anushka Sharma,no,18,0.018988648090815262,0.020042656496530416,3.1,5.2,654,33278
Aparshakti Khurana,no,8,0.022619047619047643,0.01676785247521252,7.5,6.9,47923,46796
Arbaaz Khan,yes,35,-0.04680672268907562,-0.004394817111749874,3.8,5.9,1459,4737
Archana Puran Singh,no,6,0.11142857142857149,0.05347512755188181,7.1,4.9,2263,195
Arif Zakaria,no,9,0.03999999999999997,-0.2480000243821801,3.8,8.2,697,15
Arjan Bajwa,no,7,-0.02500000000000004,0.08685936558906764,7.7,7.0,26291,45648
Arjun Kapoor,yes,19,-0.09157894736842105,0.003159753258220321,6.5,4.2,8837,9627
Arjun Mathur,no,13,0.04120879120879121,0.01027779794018606,4.3,6.9,2037,8130
Arjun Rampal,no,39,0.021194331983805673,0.018796771024690146,4.7,5.5,538,32962
Arshad Warsi,no,47,-0.021993524514338576,0.011905604451063378,4.9,2.3,178,9300
Arun Govil,no,5,0.06999999999999984,0.12126259629872652,7.4,7.6,34,182
Arunoday Singh,no,8,-0.08214285714285711,-0.01601995662062916,5.1,3.0,4636,761
Arya Babbar,yes,7,0.17857142857142855,0.11199034451816914,3.5,6.5,269,895
Aryan Vaid,no,8,0.3357142857142857,0.09403998201403849,3.4,6.1,26,62
Asawari Joshi,no,6,-0.15142857142857144,0.05656526528943406,6.5,6.1,68,394
Ashish Vidyarthi,no,12,0.21783216783216783,0.06876502991065708,5.2,6.0,1978,4970
Ashmit Patel,no,10,-0.19818181818181815,-0.07244095917719419,5.3,4.4,217,712
Ashutosh Rana,no,30,0.025161290322580646,0.03850131988376024,3.1,6.1,179,10919
Ashwin Mushran,no,8,0.0666666666666667,-0.023724613960784395,3.5,6.7,335,367
Asif Basra,no,5,-0.21999999999999997,0.4773785875076454,5.6,5.0,6,3211
Asin,no,5,-0.53,-0.1916375511670121,7.4,4.5,72226,8853
Asrani,no,15,-0.09749999999999999,-0.07358700859333173,5.2,4.7,1361,2154
Atul Kulkarni,no,22,-0.07634105025409373,0.014480187421940903,7.6,7.6,2943,27249
Avinash Tiwary,no,8,0.07142857142857142,0.24464591616433226,5.2,7.1,13,3501
Ayesha Jhulka,no,7,0.1964285714285714,0.25638760299939733,3.8,5.1,45,3849
Ayesha Takia,no,16,0.029999999999999978,-0.0018824591523365411,5.2,6.4,2260,462
Ayub Khan,no,5,-0.11999999999999993,-0.2558468358797367,4.5,5.2,392,425
Ayushmann Khurrana,no,19,-0.03456140350877194,0.02360168933349714,7.7,5.8,48006,49285
Barun Sobti,no,5,0.45000000000000007,0.13604835896863626,4.8,7.4,413,1984
Bhumi Pednekar,no,19,-0.15508771929824564,-0.022751464113641953,7.4,4.2,22529,9627
Bhumika Chawla,no,6,0.1942857142857143,0.09984685851412729,4.7,6.4,404,1545
Bipasha Basu,no,41,-0.012874564459930314,0.011543193675240173,6.4,3.8,9766,1977
Bobby Deol,yes,36,-0.006563706563706562,0.02746746151881742,5.1,6.2,1715,115949
Boman Irani,no,54,-0.011206403659233843,0.0037284087887605732,8.2,7.1,98233,3501
Brijendra Kala,no,21,0.06025974025974024,-0.02872484702602641,6.9,7.9,1799,16
Bruna Abdullah,no,5,-0.62,-0.4538936463029998,5.7,3.6,16367,131
Celina Jaitley,no,5,0.09999999999999991,0.12959680910204793,3.2,4.8,465,3976
Celina Jaitly,no,11,-0.06545454545454545,-0.08239002740407493,6.6,4.6,14075,139
Chandan Roy Sanyal,no,9,-0.02333333333333337,0.02597799779687986,7.4,6.6,19022,11322
Chandrachur Singh,no,5,0.12000000000000002,-0.11345856745220328,6.1,5.6,11815,23142
Chitrangada Singh,no,10,-0.0848484848484849,-0.005036102663869858,7.9,6.6,5598,4861
Chunky Pandey,no,19,-0.024035087719298246,0.0429363145972981,2.9,3.3,159,18694
Dalip Tahil,no,16,0.06676470588235295,-0.0753349822624581,4.8,5.4,3925,4983
Danny Denzongpa,no,15,0.15,0.10751878343770366,6.7,7.0,2818,7835
Darshan Jariwala,no,13,-0.020879120879120885,0.04099002011897388,4.5,7.0,571,3655
Darshan Kumar,no,6,0.03999999999999996,0.10671443262719876,7.2,5.8,14954,2750
Deepak Dobriyal,no,16,-0.00838235294117646,0.06229515765873376,8.2,6.3,3060,20897
Deepak Tijori,no,6,0.56,-0.18817945191416438,5.2,7.9,4228,38
Deepika Padukone,no,31,0.027137096774193542,0.03880525076382954,6.8,4.3,56456,76235
Deepti Naval,no,11,-0.09,0.0050537655156640895,6.2,6.6,151,4861
Dharmendra,no,15,0.04035714285714285,0.20375651783024756,4.4,6.2,13,55736
Dia Mirza,no,19,-0.04017543859649124,0.03904725870592108,7.5,3.0,10130,16066
Diana Penty,no,11,-0.12999999999999998,-0.022326128949770242,6.3,5.1,16296,5577
Diljit Dosanjh,no,10,-0.09515151515151518,0.018366885195145205,7.7,5.1,34153,5577
Dimple Kapadia,no,17,-0.09754901960784312,0.06611285937539353,8.0,6.2,79941,55736
Dino Morea,no,24,0.019304347826086955,0.037828036627358445,3.5,3.3,484,18694
Dipannita Sharma,no,9,-0.03666666666666667,-0.07080029863095488,7.0,5.8,1481,295
Disha Patani,no,6,-0.43714285714285717,-0.09878623714413808,8.0,5.7,76110,9340
Divya Dutta,no,45,-3.952569169960554e-05,0.013484749563463247,6.1,5.9,1374,5207
Divya Khosla Kumar,no,6,0.08857142857142856,-0.03279947488954972,4.5,3.3,1991,1523
Divyendu Sharma,no,6,-0.025714285714285596,-0.11532995065507397,7.6,6.9,23629,1562
Divyenndu,no,7,0.16071428571428567,0.1892554181624244,6.0,7.0,1647,4305
Diya Mirza,no,8,0.0821428571428571,0.014797964074581269,4.7,5.5,538,357
Dolly Ahluwalia,no,6,0.06571428571428566,0.057254537174496786,6.8,6.6,18303,11259
Emraan Hashmi,yes,39,0.029959514170040485,0.027663415474489583,5.5,7.8,1131,16211
Esha Deol,yes,24,0.021956521739130427,-0.008517443401048935,3.5,6.5,352,880
Esha Gupta,no,10,-0.10242424242424242,-0.02133748486754427,6.8,4.3,3541,8956
Evelyn Sharma,no,11,-0.1881818181818182,0.03507870983805379,6.3,4.5,78,321
Faisal Khan,yes,5,0.5000000000000002,-0.1431157836300256,3.8,6.4,5464,710
Fardeen Khan,yes,25,-0.014692307692307699,0.039406645930569945,6.1,3.3,1364,18694
Farhan Akhtar,no,13,-0.09065934065934066,-0.04104200091272453,7.7,7.0,23517,4833
Farida Jalal,no,7,0.12142857142857146,-0.07102058372401525,5.8,7.4,2457,1078
Fatima Sana Shaikh,no,12,-0.012587412587412606,-0.027431343458034104,7.1,6.6,976,23097
Gajraj Rao,no,14,-0.050549450549450536,0.06826064089129141,5.2,6.4,262,40907
Ganesh Acharya,no,5,0.07000000000000002,-0.12407432316748715,6.3,6.5,8085,702
Genelia D'Souza,no,8,-0.1464285714285714,-0.06620649954081673,6.2,5.2,615,201
Govind Namdeo,no,6,0.82,-0.049659816201106384,4.2,8.5,103,31
Govind Namdev,no,12,0.13251748251748252,0.10590044171180817,2.5,6.9,35,12076
Govinda,no,36,-0.019974259974259976,0.005056121267060397,3.9,1.9,361,310
Gracy Singh,no,9,-0.47166666666666657,-0.34386620534757306,8.1,6.9,129443,16
Gul Panag,no,12,-0.12902097902097903,-0.017837840505776414,7.6,6.6,289,1598
Gulshan Devaiah,no,11,0.10363636363636365,0.0443265976503846,5.3,5.9,4212,25615
Gulshan Grover,no,42,0.016198039056802525,-0.0016287024524322378,7.0,5.3,1481,9178
Gurmeet Choudhary,no,5,0.17,-0.12750278479095822,4.1,4.6,1655,406
Harman Baweja,no,5,0.64,-0.20152013171855332,2.7,5.2,2816,201
Harsh Chhaya,no,7,0.09999999999999996,-0.17112173320213836,4.7,5.2,46,9
Harshvardhan Rane,no,9,-0.3133333333333333,-0.094175924452552,7.6,4.6,23013,3725
Hema Malini,no,6,-0.6942857142857143,-0.230549050781062,8.0,4.7,15186,1895
Hemant Pandey,no,8,-0.014285714285714351,-0.02288435560601042,6.1,8.2,394,86
Himansh Kohli,no,6,0.45428571428571435,0.028517515916354024,2.8,6.2,4062,3926
Himanshu Malik,no,7,0.03214285714285719,0.022997177618716686,6.1,5.8,1364,4952
Himesh Reshammiya,no,7,0.5392857142857144,0.13927916363118592,2.3,6.4,1517,11942
Hrishita Bhatt,no,11,-0.13181818181818183,-0.08654224061436863,5.4,4.1,580,1087
Hrishitaa Bhatt,no,7,0.24285714285714288,-0.2523129252183563,8.0,7.4,1244,91
Hrithik Roshan,yes,31,0.027096774193548383,0.020764838807298014,6.0,5.2,4761,33911
Huma Qureshi,no,15,-0.06035714285714285,0.03541849629614786,6.6,4.7,4222,3092
Ila Arun,no,11,-0.09545454545454544,0.05111311468573279,7.5,5.0,36598,4973
Ileana D'Cruz,no,12,-0.038111888111888106,-0.07201427936385987,8.1,6.4,93874,556
Imran Khan,yes,11,-0.07363636363636365,-0.02144363561461015,7.4,4.7,29506,3385
Indraneil Sengupta,no,6,-0.377142857142857,-0.07293383974497898,6.5,4.9,4765,18982
Irrfan Khan,no,45,0.04212121212121212,0.0350481616546809,3.5,4.1,484,257
Isha Koppikar,no,23,0.006719367588932801,-0.006813964839266505,5.0,6.0,2049,283
Isha Sharvani,no,5,0.68,0.2617010086452736,4.6,7.1,1536,11849
Ishaan Khatter,yes,6,0.3457142857142857,0.04700407349261421,6.9,7.9,2719,13579
Jaaved Jaaferi,no,5,0.95,0.5661331688818704,3.4,6.8,383,12265
Jackie Shroff,no,68,-0.0013990151544069937,0.015412891362051439,6.3,4.0,301,28122
Jackky Bhagnani,yes,7,0.35357142857142865,0.07185247693304038,3.6,6.9,547,2837
Jacqueline Fernandez,no,22,-0.03619424054206666,0.031187251027755925,4.7,3.3,3760,18694
Jaideep Ahlawat,no,9,0.12333333333333332,-0.04670980351045688,7.8,5.1,55214,1033
Janhvi Kapoor,yes,11,0.10363636363636365,0.048244615660545956,4.5,5.1,6300,25428
Jas Arora,no,5,-0.73,-0.2816106815575364,7.3,5.0,27377,3211
Javed Jaffrey,no,19,-0.020175438596491242,-0.029350914093044037,6.1,8.7,3165,641
Javed Sheikh,no,7,-0.05000000000000001,-0.15077991863414755,5.5,7.3,3783,946
Jaya Bachchan,no,7,-0.12499999999999999,0.07328076187814388,6.0,6.5,4761,50970
Jim Sarbh,no,7,0.1357142857142857,-0.04615659744193033,7.4,7.4,6858,3567
Jimmy Sheirgill,no,44,-0.015863284002818882,-0.0002850735805449718,7.1,5.8,37377,7464
Jimmy Shergill,no,16,0.012499999999999976,0.06508170715270412,3.7,6.0,170,26395
Jisshu Sengupta,no,8,-0.29642857142857143,-0.07663037195900146,6.9,5.1,1194,488
Jitendra Kumar,no,7,-0.13214285714285712,-0.06733168899832657,6.8,6.9,2789,10288
John Abraham,no,54,0.0036134934248141805,0.021496758908500474,5.3,7.0,2539,16818
Johnny Lever,no,39,-0.015748987854251006,0.011645732583941582,5.1,3.3,1715,18694
Johny Lever,no,10,0.16848484848484846,0.03406822620089552,3.8,6.4,5464,11942
Jugal Hansraj,no,6,-0.4828571428571428,0.07101797513385513,7.1,3.0,37377,16066
Juhi Chawla,no,31,0.009032258064516126,0.0004844855987119867,6.3,6.6,301,2134
Kabir Bedi,no,8,0.3083333333333333,-0.003022790706498077,4.0,5.9,1374,315
Kader Khan,no,11,-0.050909090909090925,-0.1331373945961739,5.2,3.9,4228,462
Kajal Aggarwal,no,6,-0.23714285714285707,0.1300685626231172,4.3,3.6,2037,53754
Kajol,yes,18,-0.04416924664602683,0.015479804760020168,5.1,3.8,2415,1682
Kalki Koechlin,no,18,-0.040866873065015456,-0.051444989504539435,7.9,6.2,34311,733
Kangana Ranaut,no,33,-0.008689839572192515,0.013423892944875563,6.5,5.2,1748,11996
Kanwaljit Singh,no,7,0.2107142857142857,-0.04842296464492594,5.2,6.7,2260,6143
Karan Nath,no,5,-0.17999999999999988,0.1240006180141684,6.6,5.8,64,262
Kareena Kapoor,yes,50,0.0016038415366146461,0.019823813374362204,5.2,5.6,2240,181256
Kareena Kapoor Khan,yes,6,-0.29714285714285715,0.07227561577738234,5.7,5.9,6723,11223
Karisma Kapoor,yes,14,-0.03824175824175824,0.010236614146334314,4.8,5.8,3925,51498
Kartik Aaryan,no,15,-0.11214285714285717,0.04515795929390979,7.6,4.0,23629,28122
Kashmera Shah,no,7,-0.12500000000000006,-0.034606271528300626,5.2,5.1,262,109
Katrina Kaif,no,39,0.0020040485829959575,0.01679355849426024,2.3,6.9,1641,30580
Kay Kay Menon,no,41,0.0039024390243902383,0.01458997736819413,7.4,7.3,69,221
Kiara Advani,no,15,0.031785714285714285,0.06437477058347749,4.7,5.2,1216,33911
Kim Sharma,no,12,-0.15909090909090912,-0.09926495211655628,7.1,4.6,37377,60
Kiran Kumar,no,7,0.010714285714285803,-0.045562067898825866,5.1,4.4,7076,1302
Kiron Kher,no,5,-0.21999999999999992,-0.05316937631385406,6.8,5.0,56456,3196
Kirron Kher,no,13,-0.21373626373626373,-0.0647003301780069,7.0,4.4,16170,579
Kirti Kulhari,no,11,-0.060909090909090906,0.015635114241354955,4.3,5.8,212,2171
Konkona Sen Sharma,no,23,-0.026284584980237148,0.02863229113374889,7.3,6.6,7175,23097
Kriti Kharbanda,no,10,-0.007272727272727293,0.01157964139937874,4.5,6.3,2371,5547
Kriti Sanon,no,19,0.0031578947368421082,0.038138251669074065,5.2,6.2,11605,31711
Kulbhushan Kharbanda,no,5,-0.28999999999999987,-0.34722383917410965,7.6,5.9,1453,35
Kulraj Randhawa,no,6,0.24571428571428575,-0.12327392992874842,5.5,7.0,234,47
Kumud Mishra,no,18,-0.010629514963880258,0.010969484423132825,7.8,7.0,55214,16818
Kunaal Roy Kapur,yes,10,0.14848484848484847,-0.02586518063118314,5.8,5.8,4599,275
Kunal Kapoor,no,13,-0.11098901098901101,-0.08536927309887807,8.1,5.1,126668,1033
Kunal Khemu,no,14,-0.04681318681318681,0.012226002254841222,6.5,6.6,3631,9173
Kurush Deboo,no,9,-0.20999999999999996,-0.17342273692163868,7.1,6.0,2263,344
Lara Dutta,no,29,0.037044334975369464,0.020145774337384258,5.3,6.5,2994,402
Lillete Dubey,no,15,-0.2242857142857143,-0.06553455017611845,7.3,4.1,16716,6237
Lisa Haydon,no,6,-0.27428571428571424,-0.1552801602793305,5.1,2.7,4636,349
Lisa Ray,no,6,-0.23999999999999996,-0.07828531015672346,6.1,6.5,1374,2417
Lucky Ali,no,5,-0.86,-0.40534603013101966,6.6,4.1,5788,257
Madhuri Dixit,no,14,-0.06395604395604396,0.0749032294759204,4.5,4.6,844,78999
Mahesh Manjrekar,no,22,-0.0019198193111236485,0.008448699042041154,6.6,8.6,5788,246
Mahie Gill,no,15,-0.06607142857142857,-0.005443673072041022,5.3,6.1,19,4462
Mahima Chaudhry,no,24,-0.05708695652173913,-0.009950895589423112,4.7,3.0,714,16066
Makarand Deshpande,no,6,0.11142857142857139,-0.22929770540266148,7.5,9.0,2569,69
Makrand Deshpande,no,7,-0.05714285714285716,0.19645928657342784,5.6,4.6,135,2323
Malaika Arora,no,5,0.010000000000000054,0.1942267436401171,5.0,5.5,3391,17947
Mallika Sherawat,no,17,0.023039215686274515,0.024776262425082154,3.9,6.9,914,525
Manav Kaul,no,13,0.01373626373626378,0.05724883214712776,8.2,7.0,3060,12352
Mandira Bedi,no,5,0.8299999999999998,0.6225417658388641,4.7,8.0,120,39087
Manisha Koirala,no,27,0.043528693528693534,0.03296317603444623,4.6,4.5,754,32187
Manjari Fadnis,no,7,0.29999999999999993,-0.058286347965035526,7.4,7.4,29506,3567
Manjot Singh,no,6,-0.19428571428571434,0.09018989724617212,6.9,4.7,14274,4196
Manoj Bajpai,no,23,0.025691699604743077,0.024312702645628917,5.2,4.2,262,3585
Manoj Bajpayee,no,30,-0.005895439377085644,0.021232643105481626,6.6,6.3,211,20897
Manoj Joshi,no,21,0.05207792207792208,0.012453308672030745,6.8,7.1,17637,1771
Manoj Pahwa,no,23,0.059189723320158094,0.025727594944323653,4.7,6.7,356,11753
Manu Rishi,no,10,-0.025454545454545417,-0.031744956679448745,7.7,6.2,19411,3628
Manushi Chhillar,no,6,0.09714285714285716,-0.05976914814605844,5.5,5.8,53960,29166
Meghna Naidu,no,5,-0.22000000000000003,0.2403195110843772,3.0,2.0,241,4697
Milind Gunaji,no,12,0.21608391608391608,0.0008057594767067113,8.3,8.4,12,145
Milind Soman,no,13,-0.08736263736263733,0.11191719310467776,5.1,5.2,324,11996
Minissha Lamba,no,13,-0.17032967032967028,0.04849874606245444,7.5,3.7,1286,1588
Mithun Chakraborty,no,33,0.047459893048128345,0.07099621997759765,4.3,6.9,50,12076
Mohammed Zeeshan Ayyub,no,12,0.09615384615384616,-0.09181695938951454,5.9,7.1,11193,1013
Mohan Agashe,no,5,0.5200000000000001,-0.24324920392711138,5.3,6.9,995,73
Mohnish Bahl,yes,16,-0.052647058823529415,0.025204461794093035,7.3,5.3,876,6439
Mona Singh,no,5,-0.46000000000000013,0.026997188556132333,8.4,6.3,482868,28745
Mouni Roy,no,7,-0.43571428571428567,0.007284071613553235,7.3,3.7,15550,11992
Mrinalini Sharma,no,5,-1.05,-0.2849120664107424,7.4,3.7,5608,1286
Mrunal Thakur,no,12,-0.18846153846153849,0.008836572146627999,7.4,4.0,2948,38527
Mugdha Godse,no,10,-0.1903030303030303,-0.13582551243575453,6.9,5.9,13715,4737
Mukesh Rishi,no,6,-0.1628571428571429,0.18694397392696965,4.2,2.7,115,314
Mukesh Tiwari,no,17,0.16151960784313724,-0.014299284570359212,3.2,6.6,2990,7101
Murali Sharma,no,17,-0.06789215686274512,-0.0034222400268696775,8.0,6.5,15729,702
Murli Sharma,no,12,-0.09125874125874127,0.028150519426070306,7.6,6.8,289,22465
Mushtaq Khan,no,6,0.4799999999999999,0.12958919718268566,3.0,7.0,27,9
Namit Das,no,5,-0.5599999999999998,-0.19475412338465228,7.6,5.2,37320,9033
Namrata Shirodkar,no,9,-0.15833333333333333,-0.09988659865405483,4.7,3.0,384,119
Nana Patekar,no,27,-0.02771672771672772,0.020191796768055437,6.3,3.3,301,18694
Nandana Sen,no,6,-0.8342857142857142,-0.31621451037284276,8.1,3.1,37535,180
Nandita Das,no,11,-0.09909090909090915,0.0331037096127765,7.0,5.1,349,1736
Nargis Fakhri,no,11,-0.3018181818181818,-0.07584964834495457,7.8,3.3,55214,18694
Naseeruddin Shah,no,49,-0.0013979591836734701,0.004149894136534358,4.5,7.1,844,3822
Nassar,no,6,0.1,-0.02700054587080359,6.2,6.8,2563,11898
Natassha,no,5,0.25999999999999995,0.08999330364800903,4.4,5.7,1109,1794
Nauheed Cyrusi,no,10,-0.18242424242424243,-0.002324600930245268,5.3,3.8,217,64
Nawazuddin Siddiqui,no,42,-0.054557977473462436,-0.015373653971913115,6.1,5.8,1364,49285
Neena Gupta,no,20,-0.06240601503759399,0.007662646592542964,6.4,4.0,20,28122
Neeraj Kabi,no,7,-0.2857142857142857,-0.01954909377340822,7.6,5.3,25602,4962
Neetu Chandra,no,7,-0.2428571428571428,-0.14654194754489808,6.6,4.5,1862,164
Neha,no,5,-0.42000000000000004,-0.3058354233341979,6.0,4.5,4761,147
Neha Dhupia,no,36,0.020810810810810817,0.011260035167131564,4.8,4.7,2742,27614
Neha Sharma,no,9,0.10166666666666664,-0.043940735543616376,5.0,6.4,4426,3269
Neil Bhoopalam,no,6,0.32857142857142857,-0.06528027490521622,5.1,7.1,122,56
Neil Nitin Mukesh,no,19,-0.053157894736842105,0.0028284564784886433,7.8,5.8,14157,2171
Nikita Dutta,no,7,-0.15357142857142866,-0.1420531757206473,4.7,5.1,736,1033
Nisha Kothari,no,6,-0.03714285714285714,-0.05730227950175366,3.8,2.8,392,175
Nora Fatehi,no,7,0.04285714285714299,0.03250701062992743,5.6,4.4,851,326
Nushrat Bharucha,no,6,0.03999999999999999,0.10939422202886549,7.6,7.0,23629,18646
Nushrratt Bharuccha,no,11,-0.23454545454545453,-0.0888357065494959,6.6,4.4,20488,326
Om Puri,no,57,-0.017208970702618613,-0.01061555937558007,8.0,5.9,15186,35
Omi Vaidya,no,6,-0.3457142857142857,-0.2783680199176281,8.4,7.2,482868,13462
Omkar Das Manikpuri,no,7,-0.15000000000000005,-0.10608979099768527,7.4,6.7,13221,631
Pallavi Joshi,no,6,-0.17142857142857135,-0.05907836862784995,7.1,6.9,8202,12076
Pankaj Kapur,no,10,0.08242424242424246,0.06976926639802462,5.5,7.4,3783,5522
Pankaj Tripathi,no,33,0.011697860962566843,0.023829559293481108,7.4,6.6,5608,23097
Paoli Dam,no,6,0.028571428571428494,-0.04630357094374399,5.3,5.1,4212,483
Parambrata Chatterjee,no,6,0.07999999999999995,0.04342140609666856,8.1,6.6,69992,16592
Paresh Rawal,no,79,-0.008269230769230768,0.0036956922601587804,8.2,5.2,80796,9033
Parineeti Chopra,no,19,0.01315789473684212,0.004403322088112962,6.1,7.8,11642,17364
Parvin Dabas,no,15,0.05571428571428571,0.1368646785243017,6.4,7.5,31,10474
Pavail Gulati,no,5,0.15999999999999998,-0.02082806368260757,4.5,6.1,6300,10919
Pavan Malhotra,no,5,0.07000000000000002,0.13408747496468426,5.9,5.4,50,1479
Payal Rohatgi,no,12,0.007692307692307661,0.04536223144582674,4.7,3.1,283,43
Perizaad Zorabian,no,5,-0.36000000000000004,-0.12004368817290864,6.2,4.3,422,42
Piyush Mishra,no,10,-0.23818181818181813,-0.009398796453651097,8.2,4.9,3060,6158
Pooja Batra,no,8,-0.13214285714285717,-0.05150403834185322,6.4,4.2,34,35
Pooja Hegde,no,6,0.18857142857142856,0.08732322094490626,5.6,6.6,13735,29995
Prabhu Deva,no,8,-0.2023809523809523,0.019215532308524696,4.6,6.4,433,11942
Prachi Desai,no,12,-0.05314685314685317,-0.051843227899531316,7.7,6.2,23517,2025
Prakash Raj,no,13,0.01813186813186816,-0.01739368408458201,6.6,6.0,29570,718
Prashant Narayanan,no,9,-0.09499999999999997,-0.07426201801243439,4.2,4.4,39,25
Prateik Babbar,yes,18,-0.06429308565531477,-0.010844543745511524,7.4,3.6,29506,53754
Pratik Gandhi,no,9,0.12999999999999998,0.07549207269583726,6.9,8.1,2837,3187
Preeti Jhangiani,no,13,0.1807692307692308,-0.16669520021087542,7.1,8.4,37377,145
Preity Zinta,no,24,-0.04908695652173913,-0.012925576270174198,5.2,3.9,5326,713
Prem Chopra,no,15,-0.20464285714285713,-0.02952212263977045,5.2,1.9,18,310
Prithviraj Sukumaran,no,5,-0.3900000000000001,0.07028968039737973,4.4,3.8,2226,1682
Priya Anand,no,5,-0.24000000000000005,-0.2027869489122939,7.8,6.8,45059,6281
Priyamani,no,5,0.8399999999999999,0.3356889748826032,5.4,7.9,5062,23502
Priyanka Bose,no,5,-0.16000000000000014,0.015770477295092622,7.4,6.3,20871,20897
Priyanka Chopra,no,41,0.021829268292682925,0.02586353130270685,5.3,7.6,2994,10760
Priyanshu Chatterjee,no,16,0.03852941176470587,0.025133767611367208,4.7,4.7,356,2154
Priyanshu Painyuli,no,6,-0.11142857142857134,0.03958545741636675,7.6,6.2,11485,3628
Puja Gupta,no,5,-0.22999999999999998,-0.1658054688901854,4.8,3.0,3414,336
Pulkit Samrat,no,15,0.07142857142857142,0.008455429360583506,4.1,5.5,409,25950
Purab Kohli,no,17,-0.07573529411764705,0.03928039528126187,5.6,7.4,64,1078
R. Madhavan,no,16,-0.020294117647058834,0.03885791553169387,7.5,5.8,10130,2171
Radhika Apte,no,20,-0.014887218045112791,0.008837021578226995,4.9,7.0,6697,4305
Radhika Madan,no,7,-0.1821428571428571,0.0007082848703316832,7.2,6.9,4906,14100
Raghav Juyal,no,5,0.24000000000000013,0.37475666578819344,5.3,4.9,1162,13932
Raghubir Yadav,no,19,0.06561403508771929,0.002656335320671771,4.4,6.2,961,24
Raghuvir Yadav,no,5,-0.08999999999999994,0.4186470216990674,3.6,4.5,23,6300
Rahul Bose,no,18,0.07688338493292053,0.07596073799136573,3.9,6.8,90,4407
Rahul Dev,no,23,0.00227272727272728,0.025890022503037388,4.1,2.7,591,4381
Rahul Khanna,no,8,0.17023809523809516,-0.01645603206297512,7.0,7.1,349,56
Rahul Singh,no,6,0.022857142857142878,-0.00935429845598174,6.3,6.4,1467,561
Raima Sen,no,20,-0.014360902255639097,0.004754899338445856,5.1,6.4,50,3446
Raj Babbar,no,13,0.029120879120879174,-0.021546234201630533,2.9,5.9,341,43
Raj Zutshi,no,8,-0.03333333333333326,-0.0784997569051195,7.6,5.3,50,979
Rajat Bedi,no,6,0.24285714285714285,0.07941667237964622,4.4,5.9,1448,15038
Rajat Kapoor,no,25,0.023307692307692317,0.01567511143530524,7.3,6.6,27377,4861
Rajeev Khandelwal,no,12,-0.03146853146853145,-0.0456000476661026,7.6,6.5,11934,23542
Rajeev Verma,no,5,-0.3799999999999999,-0.5297814898503794,6.5,5.4,17754,169
Rajesh Khanna,no,5,-0.14000000000000004,-0.008856240047357744,6.5,6.1,68,62
Rajesh Sharma,no,26,-0.003931623931623925,0.004920810997858679,7.3,4.4,11437,1302
Rajesh Tailang,no,5,-0.41000000000000003,0.1409321870963131,7.4,5.9,792,25615
Rajit Kapur,no,8,-0.20476190476190476,0.05378275928751882,6.9,7.0,131,398
Rajkummar Rao,no,35,-0.021736694677871135,0.011033946690396828,5.1,5.7,3029,10843
Rajneesh Duggal,no,9,-0.016666666666666646,0.0057826945758277185,6.5,4.5,4765,1501
Rajpal Yadav,no,68,0.0021261976562201783,-0.00576084265246464,7.6,7.0,2943,3655
Rajshri Deshpande,no,5,-0.4600000000000001,-0.15923762888994544,7.3,5.1,5023,1888
Rakhi Sawant,no,8,0.07023809523809518,-0.18746076960837643,6.2,7.1,7713,3929
Rakul Preet Singh,no,14,0.11296703296703298,0.03383680934437005,2.8,4.2,4062,9627
Ram Kapoor,no,16,-0.17191176470588238,0.002851907323324401,7.9,4.9,5598,13932
Rana Daggubati,no,6,0.04571428571428565,-0.04133860504410445,6.2,6.3,4296,603
Ranbir Kapoor,yes,22,-0.035008469791078474,0.02462939174866438,5.2,6.0,8870,30576
Randeep Hooda,no,30,-0.03001112347052279,0.011718332568157215,7.3,6.0,27377,13345
Randhir Kapoor,no,5,-0.009999999999999964,-0.03368117340360257,5.3,4.7,1277,577
Rani Mukerji,yes,32,0.04138563049853373,0.030618948301718112,5.1,7.3,1715,11233
Rani Mukherji,no,5,-0.3999999999999999,-0.11902408591142613,7.0,5.4,16170,3864
Rannvijay Singh,no,5,0.039999999999999945,-0.1237382780990928,5.4,5.0,5216,329
Ranveer Singh,no,19,0.0061403508771929885,0.04029282910620774,7.2,8.3,19698,140800
Ranvir Shorey,no,40,0.02405253283302064,-0.007140511423286947,3.1,7.1,654,1066
Rashmika Mandanna,no,6,-0.35428571428571437,0.05551913852350166,6.8,5.8,12627,49285
Rasika Dugal,no,7,0.02857142857142863,0.09056970132388495,6.5,6.9,1283,8130
Rati Agnihotri,no,21,0.009090909090909094,-0.04156568787818118,4.7,5.4,776,36
Ratna Pathak Shah,no,9,-0.01166666666666673,-0.012881669320325055,6.4,5.1,15207,5577
Raveena Tandon,no,27,0.009584859584859579,0.013992988451405649,4.8,4.1,12,604
Ravi Kishan,no,23,-0.03725296442687746,-0.008016603353341816,8.2,4.0,3060,38527
Reema Sen,no,5,0.7799999999999999,0.29937225847541804,4.4,7.0,509,4518
Rekha,yes,11,-0.012727272727272683,0.002223547159661847,5.3,4.7,919,577
Revathi,no,8,0.14285714285714282,0.03926634169217862,7.6,7.3,289,71
Rhea Chakraborty,no,5,0.039999999999999945,0.198893774684814,6.4,6.2,5063,28970
Richa Chadda,no,9,-0.3383333333333333,-0.08628730191535124,6.9,4.9,1799,1989
Richa Chadha,no,11,-0.18272727272727274,0.03681775976455461,6.2,5.5,530,25950
Rimi Sen,no,15,-0.13499999999999998,-0.10809854219444678,7.4,4.9,18905,6885
Rinke Khanna,yes,5,0.6199999999999999,0.06828037332269185,4.9,6.8,1531,2676
Rishi Kapoor,yes,39,0.011781376518218627,0.01460225597256796,3.7,7.4,330,13799
Riteish Deshmukh,no,45,-0.04281949934123847,0.010138881347902896,6.2,6.6,615,36242
Ritesh Deshmukh,no,8,0.13452380952380955,0.17996153857568103,3.3,3.7,306,16315
Rituparna Sengupta,no,10,0.020606060606060673,0.01093699838508903,3.8,5.9,137,4737
Riya Sen,no,14,-0.14043956043956043,-0.07112726251280387,6.7,2.8,2401,261
Rohit Roy,no,12,0.23356643356643356,0.1322787710443393,3.2,6.8,103,6281
Ronit Roy,no,17,-0.018627450980392136,0.03374400959908128,4.6,4.9,1536,18982
Ruslaan Mumtaz,no,6,0.41428571428571426,-0.3475441235813094,7.0,8.5,2476,51
Sachin Khedekar,no,17,-0.0943627450980392,0.0683408334082819,7.3,5.8,876,3216
Sahil Khan,no,5,-0.73,-0.1601264450563578,6.7,3.6,2401,201
Sahil Vaid,no,6,-0.4028571428571429,-0.2969501175084556,6.1,6.2,14867,2025
Sai Tamhankar,no,8,-0.032142857142857216,0.21958292538284852,6.9,6.6,27,7101
Saif Ali Khan,yes,44,-0.028731501057082456,0.0033285496326618262,5.8,5.1,2457,1033
Saiyami Kher,no,8,0.1297619047619048,0.10068881357235855,4.6,6.0,1969,13345
Salman Khan,yes,54,-0.02593481989708405,0.019985324473972117,4.8,3.6,3925,53754
Sameer Dattani,no,6,0.07142857142857155,0.12633003713680735,5.6,7.2,216,2094
Sameera Reddy,no,11,0.05818181818181817,0.012813230474462763,4.0,4.1,1374,2786
Samir Soni,no,7,0.00714285714285715,0.24034204539632498,7.4,7.5,18905,10474
Sandhya Mridul,no,10,-0.07030303030303028,-0.03154554250576712,6.8,5.8,9581,297
Sanjana Sanghi,no,6,-0.1685714285714286,-0.39210361541144867,7.8,7.2,55214,635
Sanjay Dutt,yes,79,-0.010608568646543328,0.0120539425191029,4.8,3.7,3925,11992
Sanjay Kapoor,yes,17,0.07941176470588235,0.0797975823515202,4.5,6.6,149,4861
Sanjay Mishra,no,36,0.009819819819819824,0.009385202370456243,6.6,7.6,7066,182
Sanjay Suri,no,27,0.03742368742368742,0.009912846518236873,3.2,8.0,672,4920
Sanya Malhotra,no,16,-0.11044117647058826,-0.044612187653720166,8.3,5.1,243597,25428
Saqib Saleem,no,11,-0.13090909090909092,0.050064438495827375,6.9,5.3,4265,6510
Sara Ali Khan,yes,11,0.07818181818181816,-0.02639878903432168,6.8,6.8,16267,13944
Sara Loren,no,6,0.24285714285714285,0.0011629720138292474,3.5,4.3,231,958
Sarika,no,7,0.13928571428571437,0.07167920929539237,7.6,7.0,12723,7835
Satish Kaushik,no,18,0.011558307533539732,0.06113108572092668,3.2,5.2,129,11996
Satish Shah,no,14,-0.09934065934065936,-0.0787254679742724,6.2,4.3,9461,1476
Saurabh Shukla,no,23,-0.018379446640316204,0.06164398242263917,5.1,6.4,310,40907
Sayaji Shinde,no,5,0.9,0.48792365291225953,5.3,8.0,24,1409
Sayali Bhagat,no,5,-0.51,0.07765786383578421,3.0,2.5,27,271
Sayani Gupta,no,9,-0.05666666666666664,-0.19425101287692983,5.4,5.4,8189,126
Seema Biswas,no,14,-0.05714285714285716,0.015775164869755505,6.4,5.3,34,144
Seema Pahwa,no,6,-0.13428571428571429,-0.12406268033971735,5.9,6.2,350,24
Shabana Azmi,no,15,0.02285714285714285,0.11205961698098481,4.5,6.5,844,50970
Shah Rukh Khan,no,43,-0.009981878586529751,0.020504491061590503,4.5,5.8,844,166289
Shahana Goswami,no,9,-0.20500000000000002,0.024906473020031277,7.7,4.4,23517,5155
Shahbaz Khan,no,6,0.7142857142857145,-0.2600638441123185,5.5,8.3,2971,43
Shahid Kapoor,yes,34,0.03365928189457601,0.0264587037145959,6.1,6.6,4967,29995
Shahrukh Khan,no,5,-0.8799999999999997,-0.43041580759968456,7.1,4.4,44907,1271
Shakti Kapoor,no,22,-0.031677018633540374,-0.004471745248512947,4.4,7.0,13,8246
Shamita Shetty,no,9,-0.20499999999999996,-0.07410732311125671,7.1,6.2,37377,295
Sharad Kapoor,no,8,0.14404761904761906,0.028052776618986763,6.1,5.7,11815,710
Sharad Kelkar,no,12,0.09475524475524479,-0.0250047247023059,7.1,5.8,10936,275
Sharat Saxena,no,24,-0.030608695652173928,-0.02321894640489191,6.2,6.8,9461,12324
Sharib Hashmi,no,15,-0.002857142857142834,-0.009684001107375708,7.3,4.4,3804,326
Sharman Joshi,no,28,-0.027777777777777787,-0.024196099266608886,6.7,5.8,2401,187
Sharmila Tagore,no,5,0.14000000000000004,-0.27721487882216833,7.0,6.9,2307,73
Shashank Arora,no,8,0.08928571428571429,0.021711750189728214,7.5,7.7,5827,8721
Sheeba Chaddha,no,7,0.18928571428571433,0.07903853297777931,6.6,7.4,18,1078
Shefali Shah,no,14,-0.0037362637362637406,0.023572148734431225,7.3,7.5,27377,5530
Sherlyn Chopra,no,5,-0.24999999999999992,0.11537396797171953,5.3,4.7,2900,5038
Shilpa Shetty,no,19,-0.02456140350877194,0.034064681600204046,6.5,6.0,8960,9392
Shilpa Shukla,no,7,-0.25,0.2254039413204458,7.2,6.4,34,3446
Shiney Ahuja,no,10,-0.35454545454545455,-0.1041464372294387,7.9,2.5,5598,271
Shiv Panditt,no,10,0.15030303030303038,0.15581171324183637,6.6,6.9,127,2432
Shraddha Das,no,7,0.1321428571428571,0.17557994711875327,6.3,6.8,589,2730
Shraddha Kapoor,no,18,-0.006501547987616104,0.04760362294851392,4.2,6.9,1687,46796
Shreyas Talpade,no,36,-0.043217503217503214,-0.007273468012695214,7.4,4.7,14805,3092
Shriya Pilgaonkar,no,6,-0.05142857142857137,-0.3075016502762865,6.8,6.5,53709,402
Shriya Saran,no,10,0.14545454545454542,0.13778429262425917,5.0,6.0,205,718
Shruti Haasan,no,9,0.0016666666666666162,0.011710489421972177,4.9,5.5,3387,6523
Shweta Basu Prasad,no,6,-0.14000000000000004,-0.17543904767473464,8.0,7.1,39087,10380
Shweta Tripathi,no,8,-0.03095238095238097,0.011826828311127639,8.1,6.6,35567,9173
Siddhant Chaturvedi,no,6,0.38571428571428584,0.060490641095204266,4.1,6.8,4673,20428
Siddhanth Kapoor,no,5,0.16000000000000006,0.27131890415400445,5.2,5.2,1319,3972
Sidharth Malhotra,no,16,-0.04455882352941175,0.00890016576157205,5.3,5.0,22272,53663
Sikandar Kher,yes,6,0.4971428571428571,0.19008799878130322,6.4,7.1,271,1066
Simone Singh,no,6,0.26571428571428574,0.09736517461290571,5.2,7.2,1978,5766
Sobhita Dhulipala,no,7,-0.1964285714285714,-0.09884213288795606,7.3,5.2,17437,334
Soha Ali Khan,yes,18,-0.05830753353973167,-0.02100704769359936,5.2,4.6,2260,1625
Sohail Khan,yes,17,-0.059558823529411754,0.017468773333908876,4.0,4.0,1374,23986
Sonakshi Sinha,yes,26,-0.046666666666666676,-0.014295877072925197,6.3,5.5,37410,32962
Sonal Sehgal,no,6,-0.35428571428571437,0.009434515390446993,7.4,5.5,20,119
Sonali Bendre,no,5,-0.019999999999999928,-0.19237963719660453,4.8,4.9,3925,1016
Sonali Kulkarni,no,20,-0.055112781954887204,-0.06370874825309018,8.8,6.9,3021,73
Sonam Kapoor,yes,19,-0.03017543859649124,0.0012521954364807031,5.2,4.1,8870,6237
Sonnalli Seygall,no,8,-0.31071428571428567,-0.17416650343807843,7.6,5.2,23629,282
Sonu Sood,no,17,-0.0063725490196078404,0.12712905724531579,7.6,6.1,50,20474
Sudesh Berry,no,5,0.38,0.09918979328408936,4.5,4.5,44,35
Sudhir Pandey,no,5,-0.43,-0.0866660509483613,7.6,5.3,3337,979
Sugandha Garg,no,6,-0.20857142857142863,-0.29423525109429327,7.4,6.2,29506,160
Suhasini Mulay,no,6,-0.051428571428571476,-0.24429480096809045,6.5,6.0,4240,718
Sumeet Vyas,no,12,0.12797202797202795,0.12334162763015459,4.6,5.1,874,5577
Suniel Shetty,no,23,-0.04318181818181816,0.01769858965240845,8.2,3.0,80796,16066
Sunil Grover,no,6,-0.16571428571428584,-0.06690814880037305,7.4,6.1,72226,11551
Sunil Shetty,no,44,0.022818886539816775,0.012539278422772098,4.7,4.9,384,288
Sunny Deol,yes,37,0.021194879089615933,0.01385676064119463,4.6,6.0,754,13345
Sunny Kaushal,yes,5,-0.18999999999999995,0.2080372779651886,6.3,5.8,448,7464
Sunny Leone,no,10,0.0036363636363636585,-0.027860866112104032,3.1,1.7,3830,375
Sunny Singh,no,10,0.016363636363636407,0.17248617160923815,3.5,3.7,67,11992
Supriya Pathak,no,16,-0.05779411764705883,0.0012832108370837091,8.0,4.4,1244,5873
Suresh Menon,no,5,4.4408920985006264e-17,-0.5411254931719215,5.7,6.9,6718,23
Sushant Singh,no,11,-0.19727272727272724,-0.009877301497242157,7.0,5.5,1481,6097
Sushant Singh Rajput,no,11,-0.03272727272727265,-0.008243579099105053,7.8,8.3,40039,137771
Sushmita Sen,no,19,-0.07017543859649124,-0.0014428800798589776,4.7,4.6,384,3496
Swanand Kirkire,no,5,0.6599999999999999,0.37945695201497964,5.0,7.5,66,5530
Swara Bhaskar,no,10,-0.29212121212121217,-0.036447700553139874,7.4,3.4,20871,13773
Taaha Shah,no,5,0.5599999999999999,-0.1475479199352053,4.9,7.8,1843,114
Taapsee Pannu,no,24,-0.027869565217391316,-0.003845242918166229,5.4,5.8,5517,7464
Tabu,no,43,0.019616430081546357,0.04689839738764365,7.3,5.8,876,39571
Tahir Raj Bhasin,no,6,-0.15999999999999995,0.03784660312170763,7.3,5.2,15598,5379
Tamannaah,no,5,0.6900000000000001,0.013492164232699323,1.8,4.7,9719,3615
Tanishaa Mukerji,yes,6,0.08571428571428569,-0.26313572785792533,4.4,5.7,465,49
Tannishtha Chatterjee,no,12,0.0486013986013986,-0.02814909454996645,6.2,7.3,139,71
Tanushree Dutta,no,11,-0.13272727272727272,-0.08709169083372227,3.6,4.4,11,173
Tanvi Azmi,no,7,-0.12857142857142864,0.25794039282610376,7.4,6.3,502,70611
Tara Sharma,no,12,-0.05489510489510488,-0.059528345683779176,5.5,6.9,2331,2127
Tara Sutaria,no,6,0.3142857142857144,-0.01716527279243669,3.8,6.2,5090,2726
Tiger Shroff,yes,13,-0.13846153846153847,0.04569591300374079,5.2,2.5,11605,9419
Tigmanshu Dhulia,no,5,-0.23999999999999982,-0.3219660220786061,8.2,5.2,21565,194
Tiku Talsania,no,5,-0.61,0.001238405457737457,5.1,3.3,2415,6890
Tillotama Shome,no,9,-0.15833333333333333,0.04902259923486016,7.3,6.3,27377,20897
Tinnu Anand,no,8,-0.22142857142857136,-0.11988522478096655,6.8,5.9,9581,4867
Tisca Chopra,no,7,-0.04285714285714296,0.0838560988854964,6.2,5.8,263,51498
Tom Alter,no,5,0.27,-0.36047928118503697,4.7,4.2,1269,15
Tulip Joshi,no,7,-0.05357142857142864,-0.1959557426687711,5.4,5.2,2719,80
Tusshar Kapoor,yes,31,0.021088709677419354,0.022258972193691332,4.7,2.3,1434,9300
Uday Chopra,yes,10,-0.13939393939393935,0.01715203335097859,7.1,5.4,37377,53514
Udita Goswami,no,8,-0.17619047619047615,-0.16291138991930923,5.3,4.4,995,173
Upasana Singh,no,5,0.29000000000000004,0.2971046781530995,3.7,5.9,1622,1915
Upen Patel,no,7,-0.29999999999999993,-0.14272174032722124,5.8,2.4,5889,194
Urmila Matondkar,no,17,-0.08553921568627453,-0.011722773219604172,4.7,5.6,714,2244
Urvashi Rautela,no,8,0.026190476190476198,-0.03880308861032943,5.6,4.3,2642,1187
Vaani Kapoor,no,9,0.04666666666666665,-0.04078822704119759,5.8,6.6,10721,36242
Vardhan Puri,no,5,-0.66,-0.49282867197446106,7.8,3.8,5102,80
Varun Dhawan,yes,17,-0.02009803921568629,0.009872926125475644,5.3,5.1,22272,25428
Varun Sharma,no,12,0.01748251748251751,0.11883589694056822,4.7,6.2,332,17711
Vatsal Sheth,no,6,0.09142857142857139,0.011140232403909626,5.7,5.9,2483,315
Vicky Kaushal,yes,17,-0.07426470588235291,0.031103348620411662,8.1,7.3,35567,44329
Victor Banerjee,no,5,-0.25,0.006599391864891846,6.2,4.7,422,783
Vidya Balan,no,29,-0.03847290640394089,-0.004042780434064035,7.2,6.4,10100,12391
Vidya Malvade,no,7,-0.14285714285714285,0.15367054160175103,5.3,7.5,217,1960
Vidyut Jammwal,no,11,0.1336363636363636,0.036892017179101906,6.5,7.1,9292,11967
Vijay Raaz,no,37,0.016026552868658128,0.0030122315283575936,5.2,6.5,262,702
Vijay Varma,no,9,0.14999999999999997,0.0879044113724672,5.8,7.1,2273,3822
Vikram Gokhale,no,6,-0.33142857142857146,-0.11324180804770519,7.4,4.3,89,598
Vikram Kochhar,no,5,0.49000000000000005,-0.6947401309689646,6.5,7.9,85862,16
Vikrant Massey,no,20,0.01706766917293232,0.0020647691600950836,7.4,5.7,6858,29154
Vinay Pathak,no,39,-0.008623481781376516,-0.0047021149954910284,8.2,9.0,27210,3132
Vineet Kumar Singh,no,9,0.12333333333333331,0.1378838165250676,6.4,7.7,496,8721
Vinod Khanna,no,11,-0.12818181818181817,0.0648349501462149,4.0,5.4,492,308
Vipin Sharma,no,9,-0.3433333333333334,-0.20462880493450722,8.3,4.7,232627,7486
Vir Das,no,16,-0.1038235294117647,-0.024174981899651064,3.1,4.0,654,427
Virendra Saxena,no,5,0.04999999999999991,-0.05933322165385615,5.9,5.5,854,401
Vishal Malhotra,no,11,-0.017272727272727235,-0.07316881854473885,6.1,7.7,4967,2096
Vivan Bhatena,no,6,-0.6057142857142856,-0.24361968309646684,8.1,6.5,91958,23542
Vivek Oberoi,yes,27,-0.09853479853479853,0.0023695319922133243,7.9,2.3,17241,9300
Waheeda Rehman,no,6,0.008571428571428643,0.09235790408589872,5.5,6.7,2331,8304
Wamiqa Gabbi,no,5,0.07999999999999999,0.23152064755464935,4.8,5.8,5832,25969
Yami Gautam,no,21,0.1248051948051948,0.012918305114647704,7.7,7.8,48006,16211
Yash Tonk,no,8,-0.22619047619047614,-0.10852041622407797,6.1,4.4,4967,107
Yashpal Sharma,no,20,0.05330827067669172,0.03025540533155003,6.9,6.4,3460,3446
Yuvika Chaudhary,no,7,-0.13214285714285715,-0.016623749367119585,6.8,5.5,56456,6523
Zakir Hussain,no,21,-0.06753246753246751,-0.006063115698882173,3.8,5.2,392,9033
Zareen Khan,no,5,-0.17,-0.3587683536374039,5.0,4.8,22246,1176
Zarina Wahab,no,8,0.25595238095238093,-0.346808166072817,6.9,8.5,28822,31
Zayed Khan,yes,16,-0.02470588235294117,-0.014938412432700724,3.8,5.0,533,329
Zeenat Aman,no,5,-0.11999999999999984,-0.12957954303922448,6.1,3.7,45,55
Zoya Hussain,no,5,-0.53,-0.014325063000571615,8.0,6.6,9542,7101
