year,movie,nepo,gross_cr,rating,votes,log10_votes,log10_gross
2017,Laali Ki Shaadi Mein Laaddoo Deewana,no,0.81,3.3,163,2.215,0.258
2017,Noor,yes,11.64,4.1,1651,3.218,1.102
2017,Raag Desh,no,0.33,8.1,424,2.628,0.124
2017,Judwaa 2,yes,227.59,3.7,12753,4.106,2.359
2001,Yeh Raaste Hain Pyaar Ke,yes,15.69,4.1,897,2.953,1.222
2020,Shikara,no,8.15,3.4,15619,4.194,0.961
2017,Lipstick Under My Burkha,no,26.68,6.8,7862,3.896,1.442
2019,The Accidental Prime Minister,yes,22.65,6.0,8558,3.932,1.374
2025,Nishaanchi,no,1.0,6.7,3102,3.492,0.301
2011,Rockstar,yes,108.7,7.8,55214,4.742,2.04
2015,Four Pillars of Basement,no,0.15,4.4,28,1.462,0.061
2025,Azaad,yes,9.17,4.9,6158,3.79,1.007
2010,I Hate Luv Storys,yes,72.52,5.7,9274,3.967,1.866
2003,Armaan,no,14.92,5.3,1277,3.107,1.202
2017,Gurgaon,no,6.7,6.4,2628,3.42,0.886
2023,Rocky Aur Rani Kii Prem Kahaani,yes,355.61,6.5,50970,4.707,2.552
2000,Mela,yes,25.0,3.8,5464,3.738,1.415
2001,Dil Chahta Hai,yes,39.72,8.0,79941,4.903,1.61
2001,Lagaan: Once Upon a Time in India,yes,65.97,8.1,129443,5.112,1.826
2005,Mangal Pandey: The Rising,yes,52.58,6.5,11084,4.045,1.729
2006,Fanaa,yes,103.0,7.1,37077,4.569,2.017
2006,Rang De Basanti,yes,97.0,8.1,126668,5.103,1.991
2007,Taare Zameen Par,yes,98.48,8.3,232627,5.367,1.998
2008,Ghajini,yes,232.0,7.4,72226,4.859,2.367
2009,3 Idiots,yes,400.61,8.4,482868,5.684,2.604
2009,Luck by Chance,yes,29.0,7.1,11849,4.074,1.477
2011,Delhi Belly,yes,103.0,7.6,34924,4.543,2.017
2011,Dhobi Ghat,yes,25.6,7.0,14335,4.156,1.425
2012,Talaash: The Answer Lies Within,yes,180.83,7.3,48704,4.688,2.26
2013,Dhoom 3,yes,589.02,5.4,53514,4.728,2.771
2014,PK,yes,769.0,8.1,223099,5.348,2.886
2016,Dangal,yes,2160.0,8.3,243597,5.387,3.335
2017,Secret Superstar,yes,977.0,7.7,32300,4.509,2.99
2018,Thugs of Hindostan,yes,335.0,4.1,23056,4.363,2.526
2022,Laal Singh Chaddha,yes,129.64,5.6,181256,5.258,2.116
2025,Sitaare Zameen Par,yes,266.49,6.9,33822,4.529,2.427
2014,Khoobsurat,yes,79.43,6.4,9625,3.983,1.905
2014,Ek Villain,no,169.62,6.6,25309,4.403,2.232
2016,Ghayal: Once Again,yes,45.35,6.2,5587,3.747,1.666
2002,Tum Se Achcha Kaun Hai,no,16.0,4.9,323,2.511,1.23
2007,Partner,yes,101.0,5.9,15038,4.177,2.009
2007,Shootout at Lokhandwala,yes,46.04,7.1,11622,4.065,1.672
2007,Ta Ra Rum Pum,yes,70.0,5.9,9978,3.999,1.851
2008,Halla Bol,yes,19.39,6.0,2515,3.401,1.309
2003,Raja Bhaiya,no,2.58,3.8,280,2.449,0.554
2005,Shaadi No. 1,yes,20.49,3.6,1133,3.055,1.332
2016,Tum Bin II,no,6.45,4.8,1512,3.18,0.872
2003,Qayamat: City Under Threat,yes,28.52,4.8,2742,3.438,1.47
2006,Fight Club: Members Only,yes,8.88,3.6,1728,3.238,0.995
2007,Dhamaal,yes,50.73,7.5,22615,4.354,1.714
2011,Double Dhamaal,yes,70.54,4.1,5374,3.73,1.855
2019,Bharat,yes,325.58,4.7,33685,4.527,2.514
2018,Loveyatri,no,18.14,3.5,2733,3.437,1.282
2021,Antim: The Final Truth,yes,59.11,6.1,43393,4.637,1.779
2024,Ruslaan,no,2.7,3.3,1299,3.114,0.568
2007,Honeymoon Travels Pvt. Ltd.,yes,19.51,6.1,3180,3.503,1.312
2008,Oye Lucky! Lucky Oye!,yes,6.1,7.7,19411,4.288,0.851
2009,Dev.D,yes,20.82,7.9,34311,4.535,1.339
2010,Aisha,yes,28.65,5.1,4636,3.666,1.472
2011,Zindagi Na Milegi Dobara,yes,163.0,8.2,95962,4.982,2.215
2012,Chakravyuh,yes,25.7,6.8,3541,3.549,1.427
2012,Shanghai,yes,34.9,7.2,11299,4.053,1.555
2013,Raanjhanaa,yes,105.0,7.6,38148,4.581,2.025
2014,One by Two,yes,3.77,3.9,793,2.9,0.679
2016,Happy Bhag Jayegi,yes,46.5,6.5,6053,3.782,1.677
2018,Nanu Ki Jaanu,yes,4.12,5.3,1849,3.267,0.709
2018,Zero,yes,191.43,5.2,33278,4.522,2.284
2021,Velle,yes,19.36,5.7,4830,3.684,1.309
2024,Munjya,no,132.13,6.3,28745,4.459,2.124
2018,Dil Juunglee,no,1.3,3.8,587,2.769,0.362
2017,Daddy,no,15.5,6.4,2266,3.355,1.217
2022,Nikamma,no,1.77,2.8,1804,3.256,0.442
2023,Aankh Micholi,no,1.5,5.6,1366,3.136,0.398
2011,I Am,no,0.67,7.5,3978,3.6,0.223
2014,Main Tera Hero,yes,78.0,5.2,11252,4.051,1.898
2017,Aksar 2,no,7.18,3.6,517,2.714,0.913
2000,Refugee,yes,35.44,5.2,2240,3.35,1.562
2002,Haan Maine Bhi Pyaar Kiya,yes,19.55,3.7,1622,3.21,1.313
2002,Om Jai Jagadish,yes,14.0,5.5,2331,3.368,1.176
2003,Kuch Naa Kaho,yes,13.08,5.4,2538,3.405,1.149
2003,LOC: Kargil,yes,31.67,5.5,3721,3.571,1.514
2003,Main Prem Ki Diwani Hoon,yes,39.31,3.8,5603,3.748,1.605
2003,Zameen,yes,17.8,5.4,1828,3.262,1.274
2004,Dhoom,yes,72.47,6.7,24749,4.394,1.866
2004,Hum Tum,yes,43.22,7.0,16170,4.209,1.646
2004,Phir Milenge,yes,5.43,6.2,2563,3.409,0.808
2004,Rakht,yes,8.44,3.8,773,2.889,0.975
2004,Yuva,yes,24.48,7.3,9812,3.992,1.406
2005,Bluffmaster!,yes,32.7,6.6,7066,3.849,1.528
2005,Bunty Aur Babli,yes,90.4,6.3,9236,3.966,1.961
2005,Dus,yes,38.84,5.5,3783,3.578,1.6
2005,Neal 'n' Nikki,yes,10.43,3.2,1887,3.276,1.058
2005,Salaam Namaste,yes,75.23,6.2,8868,3.948,1.882
2005,Sarkar,yes,39.3,7.6,18801,4.274,1.605
2006,Dhoom 2,yes,151.0,6.6,32991,4.518,2.182
2006,Kabhi Alvida Naa Kehna,yes,113.0,6.1,24919,4.397,2.057
2006,Umrao Jaan,yes,19.52,5.4,2173,3.337,1.312
2007,Guru,yes,83.67,7.7,26291,4.42,1.928
2007,Jhoom Barabar Jhoom,yes,51.08,3.7,3671,3.565,1.717
2008,Dostana,yes,87.0,6.4,17315,4.238,1.944
2008,Drona,yes,15.0,2.1,2851,3.455,1.204
2008,Sarkar Raj,yes,63.0,6.7,8145,3.911,1.806
2009,Delhi-6,yes,52.17,6.2,8958,3.952,1.726
2010,Jhootha Hi Sahi,yes,15.6,6.2,2164,3.335,1.22
2010,Khelein Hum Jee Jaan Sey,yes,4.91,5.8,1470,3.168,0.772
2010,Raavan,yes,49.5,5.4,5062,3.704,1.703
2011,Dum Maaro Dum,yes,51.1,6.2,4296,3.633,1.717
2011,Game,yes,12.87,5.3,2665,3.426,1.142
2012,Bol Bachchan,yes,165.68,5.7,11018,4.042,2.222
2012,Players,yes,45.52,4.4,5519,3.742,1.668
2014,Happy New Year,yes,342.0,5.0,44548,4.649,2.535
2015,All Is Well,yes,18.02,3.6,1761,3.246,1.279
2016,Housefull 3,yes,194.94,5.0,12627,4.101,2.292
2018,Manmarziyaan,yes,40.39,6.8,9749,3.989,1.617
2023,Ghoomer,yes,7.0,7.5,12840,4.109,0.903
2024,I Want to Talk,yes,1.25,7.1,2610,3.417,0.352
2025,Housefull 5,yes,242.8,3.3,18694,4.272,2.387
2023,Dream Girl 2,yes,140.56,5.2,13319,4.125,2.151
2024,Stree 2,no,874.58,6.9,46796,4.67,2.942
2024,Vedaa,no,26.71,6.0,4970,3.696,1.443
2014,Ugly,no,6.24,7.9,25316,4.403,0.86
2008,1920,no,14.5,6.5,4765,3.678,1.19
2014,Hasee Toh Phasee,no,63.38,6.8,17702,4.248,1.809
2017,Commando 2,no,39.04,5.5,4187,3.622,1.602
2019,Bypass Road,no,1.16,5.4,1178,3.072,0.334
2019,Commando 3,no,40.15,5.9,4836,3.685,1.614
2023,The Kerala Story,no,303.97,6.7,80065,4.903,2.484
2019,Mere Pyare Prime Minister,no,0.39,6.8,728,2.863,0.143
2007,Bal Ganesh,no,0.69,7.7,4741,3.676,0.228
2025,Superboys of Malegaon,no,5.35,7.7,8721,3.941,0.803
2008,Haal-e-Dil,yes,0.72,3.5,300,2.479,0.236
2009,Raaz: The Mystery Continues,yes,38.09,5.7,4775,3.679,1.592
2014,Heartless,no,1.18,5.2,571,2.757,0.338
2012,Agent Vinod,yes,73.0,5.3,8471,3.928,1.869
2015,Main Aur Charles,no,8.0,6.2,1900,3.279,0.954
2019,Bombairiya,no,0.14,4.6,507,2.706,0.057
2009,De Dana Dan,no,81.85,6.1,12790,4.107,1.918
2013,Boss,no,102.82,5.1,13065,4.116,2.016
2013,Murder 3,no,27.75,5.1,5104,3.708,1.459
2016,Fitoor,yes,42.38,5.5,6998,3.845,1.637
2016,Wazir,no,78.69,7.1,20865,4.319,1.901
2017,Bhoomi,yes,14.76,5.4,2231,3.349,1.198
2018,Padmaavat,yes,571.98,7.1,41121,4.614,2.758
2011,Ladies vs Ricky Bahl,no,84.0,6.1,11642,4.066,1.929
2014,Ekkees Toppon Ki Salaami,no,1.58,6.1,598,2.777,0.412
2018,Paltan,yes,10.22,5.2,1319,3.121,1.05
2002,Aankhen,no,33.8,7.4,14805,4.17,1.542
2004,Musafir,yes,18.71,5.6,2095,3.321,1.295
2012,Rush,yes,4.6,3.9,940,2.974,0.748
2015,Hero,yes,34.82,3.6,3083,3.489,1.554
2009,London Dreams,yes,41.31,5.4,5216,3.717,1.626
2010,Action Replayy,yes,48.0,4.4,7972,3.902,1.69
2010,Guzaarish,yes,61.3,7.4,20871,4.32,1.794
2013,Aashiqui 2,yes,250.0,7.1,38346,4.584,2.4
2013,Yeh Jawaani Hai Deewani,yes,319.01,7.3,58015,4.764,2.505
2014,Daawat-e-Ishq,yes,35.58,6.1,6512,3.814,1.563
2017,Ok Jaanu,yes,39.23,5.4,5758,3.76,1.605
2019,Kalank,yes,146.31,3.8,22099,4.344,2.168
2022,Rashtra Kavach Om,yes,9.01,2.9,2281,3.358,1.0
2023,Gumraah,yes,10.68,6.5,7802,3.892,1.067
2025,Metro... In Dino,yes,79.0,6.6,23097,4.364,1.903
2002,Ek Chhotisi Love Story,no,8.1,3.1,654,2.816,0.959
2018,Namaste England,yes,8.02,2.1,3090,3.49,0.955
2020,Indoo Ki Jawani,no,1.52,3.4,6858,3.836,0.401
2024,Khel Khel Mein,yes,56.78,6.5,28454,4.454,1.762
2008,U Me Aur Hum,yes,40.02,5.9,2785,3.445,1.613
2010,Kaalo,no,0.3,4.6,790,2.898,0.114
2001,Kasoor,no,14.1,6.1,1374,3.138,1.179
2001,Pyaar Ishq Aur Mohabbat,no,7.15,4.3,757,2.88,0.911
2002,Awara Paagal Deewana,no,27.58,6.3,10089,4.004,1.456
2002,Jaani Dushman: Ek Anokhi Kahani,yes,18.56,2.8,4521,3.655,1.291
2002,Kya Yehi Pyaar Hai,no,11.36,4.3,592,2.773,1.092
2003,Darna Mana Hai,yes,9.0,6.3,4886,3.689,1.0
2003,Footpath,yes,6.43,5.5,1131,3.054,0.871
2003,Hungama,yes,21.25,7.6,19092,4.281,1.347
2004,Masti,yes,34.14,6.2,7713,3.887,1.546
2005,Deewane Huye Paagal,yes,26.5,5.7,6718,3.827,1.439
2006,Jaane Hoga Kya,no,2.85,3.2,239,2.38,0.585
2006,Shaadi Se Pehle,yes,18.88,4.4,994,2.998,1.298
2007,Dus Kahaniyaan,yes,13.0,5.7,1794,3.254,1.146
2009,Acid Factory,yes,5.2,5.1,765,2.884,0.792
2009,Kambakkht Ishq,yes,85.56,3.9,8003,3.903,1.937
2013,Grand Masti,yes,148.23,4.5,7283,3.862,2.174
2016,Great Grand Masti,yes,20.0,3.7,3588,3.555,1.322
2016,Kyaa Kool Hain Hum 3,no,33.14,2.0,4697,3.672,1.533
2019,Setters,no,0.58,5.4,331,2.521,0.199
2025,Mastiii 4,yes,15.14,2.3,9300,3.969,1.208
2025,Saiyaara,yes,579.23,6.3,58943,4.77,2.764
2021,Tadap,yes,34.86,5.1,5112,3.709,1.555
2004,Vaastu Shastra,no,10.0,5.0,799,2.903,1.041
2007,My Friend Ganesha,no,1.59,5.6,434,2.638,0.413
2008,Phoonk,no,13.62,4.0,1472,3.168,1.165
2010,Phoonk 2,no,9.24,3.2,601,2.78,1.01
2022,Judaa Hoke Bhi,no,0.25,5.1,1807,3.257,0.097
2018,Satyameva Jayate,no,110.0,5.7,8385,3.924,2.045
2018,Kaashi in Search of Ganga,no,0.93,5.3,451,2.655,0.286
2000,Hamara Dil Aapke Paas Hai,no,30.26,5.5,2223,3.347,1.495
2000,Josh,no,35.06,6.1,11815,4.072,1.557
2000,Mohabbatein,yes,76.91,7.1,37377,4.573,1.892
2002,23rd March 1931: Shaheed,yes,14.25,5.4,894,2.952,1.183
2002,Devdas,no,90.0,7.6,52230,4.718,1.959
2002,Hum Kisise Kum Nahin,yes,29.15,4.2,1723,3.237,1.479
2002,Hum Tumhare Hain Sanam,yes,34.76,5.4,8427,3.926,1.553
2003,Dil Ka Rishta,no,14.6,4.9,2206,3.344,1.193
2004,Khakee,yes,49.89,7.4,17502,4.243,1.707
2004,Kyun! Ho Gaya Na...,yes,16.35,4.3,2037,3.309,1.239
2004,Raincoat,no,4.88,7.7,5931,3.773,0.769
2016,Ae Dil Hai Mushkil,yes,239.56,5.9,29021,4.463,2.381
2016,Sarbjit,no,43.8,7.4,5878,3.769,1.651
2008,Jodhaa Akbar,yes,120.0,7.5,36598,4.563,2.083
2015,Jazbaa,no,42.67,5.7,3830,3.583,1.64
2018,Fanney Khan,no,16.55,4.5,2494,3.397,1.244
2019,Ujda Chaman,no,12.61,6.9,5908,3.772,1.134
2000,Deewane,no,12.25,4.7,714,2.854,1.122
2000,Raju Chacha,yes,20.92,5.1,2415,3.383,1.341
2001,Lajja,yes,34.29,6.6,3108,3.493,1.548
2002,Company,yes,25.02,7.9,17241,4.237,1.415
2002,Deewangee,yes,22.0,6.5,3383,3.529,1.362
2002,The Legend of Bhagat Singh,no,12.9,8.2,18332,4.263,1.143
2003,Bhoot,yes,23.9,6.4,4540,3.657,1.396
2003,Chori Chori,yes,5.64,4.9,1016,3.007,0.822
2003,Gangaajal,no,16.67,7.8,19129,4.282,1.247
2003,Parwana,no,7.06,2.6,359,2.556,0.906
2004,Taarzan: The Wonder Car,no,6.2,5.0,6566,3.817,0.857
2005,Apaharan,no,23.16,7.4,5608,3.749,1.383
2005,Blackmail,no,6.58,4.7,780,2.893,0.88
2005,Insan,yes,10.41,4.6,1623,3.211,1.057
2005,Kaal,yes,28.5,4.8,6570,3.818,1.47
2005,Main Aisa Hi Hoon,yes,6.58,5.0,1256,3.099,0.88
2005,Shikhar,yes,10.3,5.2,1300,3.114,1.053
2005,Tango Charlie,yes,11.08,6.1,2553,3.407,1.082
2006,Golmaal: Fun Unlimited,yes,41.25,7.5,21586,4.334,1.626
2006,Omkara,yes,42.0,8.0,23929,4.379,1.633
2007,Cash,yes,29.3,3.5,2204,3.343,1.481
2008,Golmaal Returns,yes,95.0,5.3,10517,4.022,1.982
2008,Mehbooba,yes,3.78,3.9,462,2.666,0.679
2009,All the Best: Fun Begins,yes,61.0,6.2,7742,3.889,1.792
2010,Aakrosh,yes,19.4,7.0,4518,3.655,1.31
2010,Atithi Tum Kab Jaoge?,no,3.9,6.5,7909,3.898,0.69
2010,Golmaal 3,yes,167.0,5.7,11461,4.059,2.225
2010,Once Upon a Time in Mumbaai,yes,96.44,7.4,21215,4.327,1.989
2010,Raajneeti,yes,145.5,7.1,20149,4.304,2.166
2010,Toonpur Ka Superrhero,yes,7.09,4.9,5214,3.717,0.908
2011,Dil Toh Baccha Hai Ji,yes,28.91,5.9,4600,3.663,1.476
2011,Rascals,yes,51.01,3.1,3998,3.602,1.716
2011,Ready,yes,180.0,5.0,22246,4.347,2.258
2011,Singham,no,147.89,6.8,22465,4.352,2.173
2011,Yamla Pagla Deewana,yes,88.0,5.8,4952,3.695,1.949
2012,Son Of Sardaar,yes,161.48,4.4,12172,4.085,2.211
2012,Tezz,yes,26.0,4.1,2786,3.445,1.431
2013,Himmatwala,no,68.87,1.8,9719,3.988,1.844
2014,Action Jackson,yes,88.87,3.4,4822,3.683,1.954
2014,Singham Returns,yes,215.0,5.7,11623,4.065,2.334
2015,Drishyam,no,147.0,8.2,109223,5.038,2.17
2016,Shivaay,no,124.15,6.1,13550,4.132,2.097
2017,Baadshaho,yes,123.5,4.9,5573,3.746,2.095
2017,Golmaal Again,yes,311.05,5.0,13421,4.128,2.494
2018,Raid,no,153.62,7.4,23777,4.376,2.189
2019,De De Pyaar De,no,143.04,6.5,11158,4.048,2.158
2019,Total Dhamaal,no,228.27,4.3,8956,3.952,2.36
2021,Sooryavanshi,no,302.52,5.8,81332,4.91,2.482
2022,Drishyam 2,yes,345.05,8.2,52110,4.717,2.539
2022,Gangubai Kathiawadi,yes,209.77,7.8,67273,4.828,2.324
2022,Runway 34,no,53.77,7.0,31639,4.5,1.739
2022,Thank God,no,48.92,5.6,13059,4.116,1.698
2023,Bholaa,no,111.64,5.8,26043,4.416,2.052
2024,Auron Mein Kahan Dum Tha,no,12.91,6.2,41246,4.615,1.143
2024,Maidaan,no,68.09,7.9,23502,4.371,1.839
2024,Shaitaan,no,211.06,6.5,56367,4.751,2.326
2024,Singham Again,yes,389.64,4.3,76235,4.882,2.592
2025,De De Pyaar De 2,no,104.67,6.2,13756,4.139,2.024
2025,Raid 2,no,243.06,6.6,36242,4.559,2.387
2025,Son of Sardaar 2,no,60.9,4.0,38527,4.586,1.792
2001,Kyo Kii Main Jhuth Nahin Bolta,yes,14.34,5.5,2971,3.473,1.186
2022,Jhund,no,15.16,7.4,26221,4.419,1.208
2024,Kartam Bhugtam,no,1.0,6.2,212,2.328,0.301
2015,Shamitabh,no,37.0,6.7,8251,3.917,1.58
2000,Dhadkan,no,26.47,6.5,8960,3.952,1.439
2000,Hera Pheri,no,21.4,8.2,80796,4.907,1.35
2001,Ajnabee,yes,31.83,6.4,9766,3.99,1.516
2001,Ek Rishtaa: The Bond of Love,yes,36.5,5.2,1978,3.296,1.574
2003,Andaaz,no,28.81,5.3,2994,3.476,1.474
2004,Ab Tumhare Hawale Watan Saathiyo,yes,19.16,4.5,1991,3.299,1.304
2004,Aitraaz,yes,29.0,6.6,11692,4.068,1.477
2004,Mujhse Shaadi Karogi,yes,62.0,6.7,18869,4.276,1.799
2004,Police Force: An Inside Story,no,1.8,4.2,858,2.934,0.447
2005,Bewafaa,yes,33.18,4.2,2832,3.452,1.534
2005,Dosti: Friends Forever,yes,23.0,5.3,2900,3.463,1.38
2005,Garam Masala,no,64.65,6.8,19285,4.285,1.817
2005,Waqt: The Race Against Time,no,42.49,6.8,14461,4.16,1.638
2006,Bhagam Bhag,yes,67.0,6.8,17637,4.246,1.833
2006,Humko Deewana Kar Gaye,no,27.0,5.2,4610,3.664,1.447
2006,Mere Jeevan Saathi,yes,7.82,3.4,1123,3.051,0.945
2006,Phir Hera Pheri,no,69.0,7.4,32162,4.507,1.845
2007,Bhool Bhulaiyaa,no,83.0,7.5,38656,4.587,1.924
2007,Heyy Babyy,yes,84.0,6.1,17780,4.25,1.929
2007,Namastey London,yes,71.4,7.1,24203,4.384,1.86
2007,Welcome,no,122.0,7.2,29634,4.472,2.09
2008,Jumbo,no,21.0,6.7,180,2.258,1.342
2008,Singh Is Kinng,no,136.0,5.8,17967,4.254,2.137
2008,Tashan,yes,51.0,3.9,6222,3.794,1.716
2009,8 x 10 Tasveer,no,23.58,5.5,6467,3.811,1.391
2009,Blue,yes,63.92,3.8,5584,3.747,1.812
2009,Chandni Chowk to China,no,120.0,4.4,10546,4.023,2.083
2010,Housefull,no,114.18,5.7,18102,4.258,2.061
2010,Khatta Meetha,no,62.79,6.2,15794,4.199,1.805
2010,Tees Maar Khan,yes,101.89,3.0,17122,4.234,2.012
2011,Desi Boyz,yes,77.0,5.7,16367,4.214,1.892
2011,Patiala House,yes,35.3,5.7,10100,4.004,1.56
2011,Thank You,yes,104.0,4.9,6885,3.838,2.021
2012,Housefull 2,yes,179.15,5.5,17947,4.254,2.256
2012,Joker,yes,35.87,2.7,10379,4.016,1.567
2012,Khiladi 786,no,107.0,4.5,8853,3.947,2.033
2012,OMG – Oh My God!,yes,149.9,8.1,71210,4.853,2.179
2012,Rowdy Rathore,yes,203.39,5.8,26993,4.431,2.31
2013,Special 26,no,103.0,8.0,62427,4.795,2.017
2014,Entertainment,no,115.93,5.7,3450,3.538,2.068
2014,The Shaukeens,no,46.3,4.8,3401,3.532,1.675
2015,Baby,no,142.98,7.9,63259,4.801,2.158
2015,Brothers,no,140.3,6.4,15591,4.193,2.15
2015,Gabbar Is Back,no,135.81,7.0,29558,4.471,2.136
2015,Singh Is Bliing,no,149.1,5.1,9901,3.996,2.176
2016,Airlift,no,209.97,7.9,61561,4.789,2.324
2016,Rustom,no,216.35,7.0,31439,4.497,2.337
2017,Jolly LLB 2,no,197.33,7.2,30913,4.49,2.297
2017,Naam Shabana,no,60.0,6.2,8451,3.927,1.785
2017,Toilet: Ek Prem Katha,no,311.5,7.2,26002,4.415,2.495
2018,Gold,no,158.0,7.3,15550,4.192,2.201
2018,Pad Man,yes,212.02,7.8,32717,4.515,2.328
2019,Good Newwz,yes,318.57,6.8,23908,4.379,2.505
2019,Housefull 4,yes,280.27,3.7,16315,4.213,2.449
2019,Kesari,no,207.09,7.4,26200,4.418,2.318
2019,Mission Mangal,yes,290.59,6.6,20690,4.316,2.465
2021,Bell Bottom,no,50.58,6.1,24308,4.386,1.712
2022,Bachchhan Paandey,no,73.17,5.0,37318,4.572,1.87
2022,Raksha Bandhan,no,61.61,5.5,31688,4.501,1.797
2022,Ram Setu,no,94.45,5.3,19126,4.282,1.98
2022,Samrat Prithviraj,yes,90.32,5.5,53960,4.732,1.961
2023,Mission Raniganj,no,45.66,7.2,20383,4.309,1.669
2023,OMG 2,no,221.08,7.5,47571,4.677,2.347
2023,Selfiee,yes,23.63,5.7,14897,4.173,1.391
2024,Bade Miyan Chote Miyan,yes,102.16,3.7,40769,4.61,2.014
2024,Sarfira,no,30.02,6.9,14100,4.149,1.492
2025,Jolly LLB 3,no,166.06,6.4,40907,4.612,2.223
2025,Sky Force,yes,168.88,6.8,13944,4.144,2.23
2014,Pizza,no,4.04,6.2,1620,3.21,0.702
2016,Laal Rang,no,2.26,7.8,5433,3.735,0.513
2018,Kaalakaandi,yes,10.0,6.3,3577,3.554,1.041
2021,Madam Chief Minister,no,0.05,4.9,1989,3.299,0.021
2024,Fighter,yes,344.46,6.1,54165,4.734,2.538
2002,Humraaz,yes,29.71,6.5,4240,3.627,1.487
2004,Hulchul,yes,33.09,7.1,10936,4.039,1.533
2006,36 China Town,yes,38.0,5.8,5889,3.77,1.591
2006,Aap Ki Khatir,yes,13.0,4.0,1103,3.043,1.146
2007,"Gandhi, My Father",yes,7.49,7.3,1888,3.276,0.929
2007,Naqaab,yes,21.2,5.5,1726,3.237,1.346
2008,Mere Baap Pehle Aap,yes,36.0,5.6,3178,3.502,1.568
2008,Race,yes,106.0,6.7,17270,4.237,2.029
2012,Gali Gali Chor Hai,yes,13.07,5.3,781,2.893,1.148
2016,Dishoom,yes,119.58,5.2,10068,4.003,2.081
2017,Ittefaq,yes,56.26,7.2,17141,4.234,1.758
2017,Mom,yes,175.7,7.2,13270,4.123,2.247
2019,Section 375,yes,12.35,8.1,21338,4.329,1.125
2020,Sab Kushal Mangal,yes,0.45,4.1,332,2.522,0.161
2025,Chhaava,yes,797.34,7.3,44329,4.647,2.902
2025,Dhurandhar,yes,1349.65,8.3,140800,5.149,3.131
2016,Freaky Ali,yes,21.32,5.0,3211,3.507,1.349
2024,Tipppsy,no,0.08,7.9,38,1.591,0.033
2023,Almost Pyaar with DJ Mohabbat,no,0.25,4.9,1178,3.072,0.097
2024,Srikanth,no,62.92,7.4,14634,4.165,1.806
2020,Jawaani Jaaneman,yes,44.77,6.5,8719,3.941,1.661
2000,Joru Ka Ghulam,yes,13.1,5.1,1455,3.163,1.149
2002,Aap Mujhe Achche Lagne Lage,yes,20.2,3.2,2990,3.476,1.326
2004,Aetbaar,no,8.0,4.7,1269,3.104,0.954
2013,Fukrey,no,53.0,6.9,14274,4.155,1.732
2014,Bobby Jasoos,no,20.38,5.5,2546,3.406,1.33
2015,Khamoshiyan,no,19.5,4.1,1655,3.219,1.312
2017,Fukrey Returns,no,112.3,6.5,6887,3.838,2.054
2018,Happy Phirr Bhag Jayegi,yes,28.06,4.6,1596,3.203,1.463
2019,Prassthanam,yes,5.9,5.8,1757,3.245,0.839
2010,Paathshaala,yes,17.0,5.1,2176,3.338,1.255
2007,Marigold,yes,2.29,4.9,2195,3.342,0.517
2013,Chashme Baddoor,no,50.0,5.4,5517,3.742,1.708
2014,Kill Dil,no,52.1,4.5,4731,3.675,1.725
2014,Total Siyapaa,no,13.1,5.0,3196,3.505,1.149
2014,2 States,yes,172.99,6.9,28447,4.454,2.241
2014,Highway,yes,47.7,7.6,32753,4.515,1.688
2014,Humpty Sharma Ki Dulhania,yes,119.58,6.0,15557,4.192,2.081
2015,Shaandaar,yes,75.7,3.7,6950,3.842,1.885
2016,Dear Zindagi,yes,138.91,7.4,47508,4.677,2.146
2016,Kapoor & Sons,yes,143.29,7.7,33873,4.53,2.159
2017,Badrinath Ki Dulhania,yes,200.45,6.1,14867,4.172,2.304
2019,Gully Boy,yes,238.16,7.9,47397,4.676,2.379
2024,Jigra,yes,55.05,6.0,25019,4.398,1.749
2006,Zinda,yes,17.6,4.8,3976,3.6,1.27
2004,Chand Bujh Gaya,yes,0.15,6.7,81,1.914,0.061
2023,Farrey,yes,2.25,6.2,7023,3.847,0.512
2023,Ajmer 92,no,1.0,8.0,1409,3.149,0.301
2011,Shor in the City,yes,4.39,7.2,4330,3.637,0.732
2002,Dil Hai Tumhaara,yes,18.03,5.7,2437,3.387,1.279
2002,Na Tum Jaano Na Hum,yes,19.29,4.9,3212,3.507,1.307
2005,Revati,no,0.15,5.2,44,1.653,0.061
2008,Ek Vivaah... Aisa Bhi,no,2.35,5.4,612,2.787,0.525
2011,Don 2,yes,202.81,7.1,62072,4.793,2.309
2008,Bhoothnath,no,70.0,6.5,13170,4.12,1.851
2003,Baghban,yes,43.11,7.4,18905,4.277,1.645
2010,Ek Second... Jo Zindagi Badal De?,no,0.44,3.1,59,1.778,0.158
2008,Thoda Pyaar Thoda Magic,yes,37.25,5.1,4743,3.676,1.583
2013,Race 2,yes,175.75,5.4,18503,4.267,2.247
2023,Gadar 2,yes,691.08,5.1,25503,4.407,2.84
2000,Kaho Naa... Pyaar Hai,yes,80.01,6.9,18644,4.271,1.909
2001,Gadar: Ek Prem Katha,yes,133.13,7.3,16716,4.223,2.128
2002,Yeh Hai Jalwa,yes,10.88,4.8,3139,3.497,1.075
2006,Humko Tumse Pyaar Hai,yes,4.33,5.4,736,2.867,0.727
2013,Kai Po Che!,no,83.0,7.8,40039,4.602,1.924
2016,Akira,yes,15.06,5.9,4664,3.669,1.206
2016,Sultan,yes,631.25,7.1,59234,4.773,2.801
2019,Super 30,yes,208.93,7.9,42330,4.627,2.322
2023,Sukhee,no,1.65,6.0,9392,3.973,0.423
2019,Kabir Singh,yes,379.02,7.0,45648,4.659,2.58
2024,Swatantrya Veer Savarkar,no,31.23,7.7,18212,4.26,1.508
2012,Bittoo Boss,no,2.0,4.1,409,2.613,0.477
2001,Aks,no,14.3,5.8,1917,3.283,1.185
2001,Kabhi Khushi Kabhie Gham,yes,135.53,7.5,63049,4.8,2.135
2002,Kaante,yes,36.37,6.6,5788,3.763,1.573
2003,Boom,no,1.2,2.3,1641,3.215,0.342
2004,Lakshya,yes,41.68,7.8,28088,4.449,1.63
2004,Veer-Zaara,yes,97.64,7.8,66719,4.824,1.994
2005,Black,no,40.94,8.1,37535,4.574,1.623
2005,Paheli,yes,32.0,6.4,15207,4.182,1.519
2005,Viruddh... Family Comes First,yes,18.51,7.0,2307,3.363,1.29
2006,Baabul,yes,39.0,5.4,3864,3.587,1.602
2006,Darna Zaroori Hai,no,10.65,5.5,2951,3.47,1.066
2007,Cheeni Kum,no,32.03,6.8,6011,3.779,1.519
2007,Eklavya: The Royal Guard,yes,38.0,6.0,3635,3.561,1.591
2008,God Tussi Great Ho,yes,25.61,3.8,5514,3.742,1.425
2009,Aladin,yes,10.89,4.7,3760,3.575,1.075
2010,Rann,no,13.7,6.9,2801,3.447,1.167
2010,Teen Patti,no,7.63,4.2,1687,3.227,0.936
2011,Aarakshan,yes,64.5,6.2,6255,3.796,1.816
2012,Department,yes,19.05,3.2,1191,3.076,1.302
2012,English Vinglish,no,102.0,7.8,45059,4.654,2.013
2014,Bhoothnath Returns,no,53.0,6.5,7187,3.857,1.732
2015,Piku,no,141.0,7.6,36849,4.566,2.152
2016,Ki & Ka,yes,100.33,5.7,6723,3.828,2.006
2016,Pink,no,157.32,8.0,52256,4.718,2.2
2016,Te3n,no,32.31,7.2,15131,4.18,1.523
2018,102 Not Out,yes,115.3,7.4,7878,3.896,2.066
2019,Badla,no,138.5,7.8,34810,4.542,2.145
2021,Chehre,yes,8.26,6.2,28970,4.462,0.967
2022,Goodbye,no,9.66,6.8,12627,4.101,1.028
2022,Uunchai,no,48.99,7.0,7835,3.894,1.699
2023,Ganapath,yes,13.38,2.6,10774,4.032,1.158
2021,83,no,193.73,7.5,43029,4.634,2.289
2024,Bad Newz,yes,115.74,4.7,27614,4.441,2.067
2009,Kaminey,yes,71.57,7.4,19022,4.279,1.861
2021,Mumbai Saga,yes,22.29,5.7,10192,4.008,1.367
2001,Nayak,yes,20.56,8.2,43,1.643,1.334
2001,Yaadein,yes,34.59,4.2,4050,3.608,1.551
2001,Zubeidaa,yes,5.6,6.6,1877,3.274,0.82
2008,Hello,yes,17.96,3.3,2429,3.386,1.278
2008,Heroes,yes,25.44,5.7,2483,3.395,1.422
2012,Blood Money,no,12.0,4.8,1312,3.118,1.114
2019,Judgementall Hai Kya,no,44.92,5.9,7208,3.858,1.662
2023,Neeyat,no,5.5,5.3,4962,3.696,0.813
2003,Ishq Vishk,yes,12.26,6.1,4967,3.696,1.123
2004,Main Hoon Na,yes,84.0,7.1,44907,4.652,1.929
2005,Vaah! Life Ho Toh Aisi!,yes,19.0,4.9,6697,3.826,1.301
2006,Vivah,yes,49.0,6.7,12140,4.084,1.699
2008,Welcome to Sajjanpur,no,14.7,6.9,3460,3.539,1.196
2009,Life Partner,yes,18.0,5.3,1487,3.173,1.279
2009,Victory,no,1.92,3.8,605,2.782,0.465
2013,Jolly LLB,no,48.7,7.5,25295,4.403,1.696
2013,Singh Saab The Great,yes,40.67,5.6,2642,3.422,1.62
2019,Thackeray,no,31.6,5.4,3937,3.595,1.513
2016,A Flying Jatt,yes,56.13,3.2,6322,3.801,1.757
2012,Ekk Deewana Tha,yes,8.55,6.1,3521,3.547,0.98
2008,Yuvvraaj,yes,31.22,4.1,4997,3.699,1.508
2013,Issaq,yes,5.37,4.4,529,2.724,0.804
2015,Mr. X,yes,90.0,3.7,2544,3.406,1.959
2019,Made in China,no,12.81,6.3,5273,3.722,1.14
2015,Detective Byomkesh Bakshy!,no,46.8,7.6,25602,4.408,1.679
2010,Khichdi: The Movie,no,8.1,7.3,3317,3.521,0.959
2023,Khichdi 2: Mission Paanthukistan,no,5.65,5.5,39,1.602,0.823
2025,Ajey: The Untold Story of a Yogi,no,1.4,5.6,12715,4.104,0.38
2011,Mod,no,0.63,6.4,462,2.666,0.212
2019,Pati Patni Aur Woh,yes,118.0,5.8,9254,3.966,2.076
2019,Student of the Year 2,yes,98.16,2.3,23654,4.374,1.996
2025,Tu Meri Main Tera Main Tera Tu Meri,yes,48.02,4.0,28122,4.449,1.69
2023,Yaariyan 2,yes,2.67,4.9,13060,4.116,0.565
2013,Vishwaroopam,no,220.0,7.9,43377,4.637,2.344
2014,Ungli,yes,50.0,5.8,4437,3.647,1.708
2018,Soorma,no,48.0,7.3,6433,3.808,1.69
2017,Babumoshai Bandookbaaz,no,12.6,6.8,2730,3.436,1.134
2025,Badass Ravi Kumar,no,9.66,6.4,11942,4.077,1.028
2023,Dunki,yes,470.6,6.5,85862,4.934,2.674
2000,Karobaar: The Business of Love,yes,2.84,3.7,330,2.52,0.584
2002,Badhaai Ho Badhaai,no,6.99,4.7,845,2.927,0.903
2002,Rishtey,yes,12.37,4.9,1193,3.077,1.126
2003,Calcutta Mail,yes,4.34,5.7,562,2.751,0.728
2005,No Entry,yes,95.14,6.6,14075,4.148,1.983
2009,Wanted,yes,93.23,6.6,29570,4.471,1.974
2013,Shootout at Wadala,no,82.0,6.1,8570,3.933,1.919
2015,Dil Dhadakne Do,no,145.0,7.1,22080,4.344,2.164
2015,Welcome Back,no,168.76,4.3,7571,3.879,2.23
2017,Mubarakan,yes,93.24,5.6,4596,3.662,1.974
2018,Race 3,yes,303.0,1.9,50297,4.702,2.483
2019,Ek Ladki Ko Dekha Toh Aisa Laga,yes,39.86,5.6,5091,3.707,1.611
2019,Pagalpanti,no,49.17,3.4,3220,3.508,1.7
2022,Jugjugg Jeeyo,yes,136.13,6.1,43449,4.638,2.137
2023,Animal,yes,917.82,6.2,115949,5.064,2.963
2024,Savi,no,17.81,5.9,36965,4.568,1.274
2025,Mahavatar Narsimha,no,326.82,8.5,47428,4.676,2.516
2018,Tumbbad,no,15.46,8.2,75389,4.877,1.216
2017,Newton,no,15.0,7.6,22419,4.351,1.204
2010,Tum Milo Toh Sahi,no,3.52,5.7,661,2.821,0.655
2017,Coffee with D,no,0.72,4.4,2652,3.424,0.236
2019,Manikarnika: The Queen of Jhansi,no,132.95,6.4,16711,4.223,2.127
2020,Baaghi 3,yes,137.05,2.3,17991,4.255,2.14
2008,Kidnap,yes,35.6,4.6,2703,3.432,1.563
2019,The Tashkent Files,no,20.84,8.0,39087,4.592,1.339
2017,Shubh Mangal Saavdhan,no,64.54,6.9,12226,4.087,1.817
2012,Vicky Donor,no,68.32,7.7,48006,4.681,1.841
2018,Missing,no,0.85,5.8,2588,3.413,0.267
2019,Khandaani Shafakhana,yes,3.98,4.4,1427,3.155,0.697
2016,Jai Gangaajal,yes,49.59,5.8,2749,3.439,1.704
2005,Naina,no,6.94,4.3,925,2.967,0.9
2025,Match Fixing,no,5.0,6.6,743,2.872,0.778
2000,Kya Kehna,yes,2.17,5.8,2457,3.391,0.501
2001,Aashiq,yes,18.75,4.1,591,2.772,1.296
2005,Kyaa Kool Hai Hum,yes,22.85,6.1,4143,3.617,1.377
2006,Apna Sapna Money Money,no,20.73,5.5,2556,3.408,1.337
2006,Chup Chup Ke,yes,25.58,7.1,15763,4.198,1.425
2006,Khosla Ka Ghosla,no,6.67,8.2,27210,4.435,0.885
2008,A Wednesday!,no,12.0,8.1,86032,4.935,1.114
2009,Dil Bole Hadippa!,yes,46.12,4.7,5038,3.702,1.673
2009,Wake Up Sid,yes,47.1,7.6,37320,4.572,1.682
2010,Badmaash Company,yes,53.0,6.1,8748,3.942,1.732
2010,Dabangg,yes,221.14,6.3,37410,4.573,2.347
2013,Gori Tere Pyaar Mein,yes,20.8,4.9,4423,3.646,1.338
2014,O Teri,no,3.6,3.3,683,2.835,0.663
2015,Prem Ratan Dhan Payo,yes,432.0,4.4,26023,4.415,2.636
2016,M.S. Dhoni: The Untold Story,no,215.48,8.0,76110,4.881,2.335
2017,Indu Sarkar,no,6.07,6.0,2321,3.366,0.849
2018,Aiyaary,no,34.07,5.3,5574,3.746,1.545
2019,One Day: Justice Delivered,no,4.68,5.1,2779,3.444,0.754
2022,The Kashmir Files,no,340.92,8.5,579056,5.763,2.534
2023,IB71,no,29.19,7.1,11967,4.078,1.48
2023,The Vaccine War,no,9.47,7.1,25388,4.405,1.02
2024,Kuch Khattaa Ho Jaay,no,1.5,5.0,4973,3.697,0.398
2025,Emergency,no,21.75,5.2,11996,4.079,1.357
2025,The Bengal Files,no,16.19,6.9,12076,4.082,1.235
2019,Rangeela Raja,no,0.18,1.9,310,2.493,0.072
2001,Grahan,no,1.43,5.3,139,2.146,0.386
2008,Woodstock Villa,yes,20.0,3.5,455,2.659,1.322
2016,Sanam Teri Kasam,no,16.03,7.6,23013,4.362,1.231
2006,Anthony Kaun Hai?,yes,17.21,5.1,736,2.867,1.26
2008,Rab Ne Bana Di Jodi,yes,157.0,7.2,59643,4.776,2.199
2010,Band Baaja Baaraat,no,96.0,7.2,19698,4.294,1.987
2012,Jab Tak Hai Jaan,no,235.0,6.7,62763,4.798,2.373
2013,Matru Ki Bijlee Ka Mandola,yes,31.15,5.6,6518,3.814,1.507
2015,Bombay Velvet,yes,43.13,5.5,6793,3.832,1.645
2015,NH10,no,49.0,7.2,14954,4.175,1.699
2017,Jab Harry Met Sejal,no,153.43,5.1,24264,4.385,2.189
2017,Phillauri,no,46.6,6.1,4310,3.635,1.678
2018,Pari,no,41.4,6.6,7977,3.902,1.627
2013,Horror Story,no,7.0,4.3,2461,3.391,0.903
2018,Stree,no,180.76,7.5,47923,4.681,2.259
2019,Luka Chuppi,no,128.6,6.4,15600,4.193,2.113
2020,Street Dancer 3D,yes,97.0,3.8,8753,3.942,1.991
2022,Dhokha: Round D Corner,no,3.74,6.2,12702,4.104,0.676
2002,Maa Tujhhe Salaam,yes,22.84,3.8,1459,3.164,1.377
2002,Tumko Na Bhool Paayenge,yes,19.89,5.7,3721,3.571,1.32
2005,Maine Pyaar Kyun Kiya?,yes,47.22,5.6,6525,3.815,1.683
2005,Taj Mahal: An Eternal Love Story,yes,31.1,5.0,269,2.431,1.507
2006,Malamaal Weekly,yes,42.76,7.1,9201,3.964,1.641
2007,Dhol,yes,33.27,6.6,9303,3.969,1.535
2008,Fashion,yes,39.29,6.9,13715,4.137,1.605
2008,Jaane Tu... Ya Jaane Na,yes,84.0,7.4,29506,4.47,1.929
2009,Kisaan,yes,5.76,5.5,357,2.554,0.83
2012,Dabangg 2,yes,255.0,4.8,21895,4.34,2.408
2017,Tera Intezaar,yes,0.95,1.7,375,2.575,0.29
2019,Dabangg 3,yes,230.93,3.0,23120,4.364,2.365
2015,Kis Kisko Pyaar Karoon,no,71.6,5.6,7087,3.851,1.861
2004,Aabra Ka Daabra,no,1.06,2.7,455,2.659,0.314
2014,Fugly,yes,13.6,4.7,1216,3.085,1.164
2004,Asambhav,no,5.16,3.8,697,2.844,0.79
2004,Netaji Subhas Chandra Bose: The Forgotten Hero,no,1.25,7.6,1453,3.163,0.352
2010,My Name Is Khan,yes,220.3,7.9,123289,5.091,2.345
2014,Darr @ the Mall,no,7.8,4.9,1151,3.061,0.944
2016,Direct Ishq,no,0.56,4.7,99,2.0,0.193
2013,Aurangzeb,yes,35.41,6.4,4614,3.664,1.561
2014,Gunday,yes,130.91,2.8,61354,4.788,2.12
2015,Tevar,yes,56.0,4.2,3585,3.555,1.756
2017,Half Girlfriend,yes,97.7,4.7,8682,3.939,1.994
2019,India's Most Wanted,yes,16.74,4.7,2486,3.396,1.249
2019,Panipat,yes,49.29,5.3,6439,3.809,1.701
2021,Sandeep Aur Pinky Faraar,yes,0.58,6.3,9291,3.968,0.199
2022,Ek Villain Returns,yes,68.64,4.4,17142,4.234,1.843
2023,Kuttey,yes,4.65,5.4,11498,4.061,0.752
2023,The Lady Killer,yes,0.01,1.8,1493,3.174,0.004
2011,My Friend Pinto,yes,1.8,5.3,426,2.63,0.447
2013,Ankur Arora Murder Case,no,10.0,6.5,2383,3.377,1.041
2015,Waiting,no,3.5,7.2,1955,3.291,0.653
2001,Deewaanapan,no,10.0,4.7,538,2.732,1.041
2006,I See You,yes,1.92,4.4,1271,3.104,0.465
2007,Om Shanti Om,no,152.0,6.8,56456,4.752,2.185
2008,Rock On!!,no,36.0,7.7,23517,4.371,1.568
2011,Ra.One,yes,207.0,5.0,51985,4.716,2.318
2013,D Day,yes,24.0,7.2,10778,4.033,1.398
2013,Inkaar,no,10.02,6.1,2792,3.446,1.042
2015,Roy,yes,56.0,3.2,8234,3.916,1.756
2016,Rock On 2,no,15.7,4.9,2401,3.381,1.223
2022,Dhaakad,no,3.77,3.8,12275,4.089,0.679
2017,Shab,no,32.0,4.3,264,2.423,1.519
2003,Munna Bhai M.B.B.S.,yes,36.29,8.2,98233,4.992,1.572
2005,Sehar,no,2.4,7.7,2622,3.419,0.531
2006,Lage Raho Munna Bhai,yes,126.2,8.0,53469,4.728,2.104
2007,Goal,no,21.72,5.4,579,2.763,1.356
2008,Krazzy 4,no,32.27,4.3,2548,3.406,1.522
2010,Hum Tum Aur Ghost,no,8.01,4.9,770,2.887,0.955
2010,Ishqiya,no,31.81,7.3,11437,4.058,1.516
2014,Dedh Ishqiya,no,40.8,7.0,7756,3.89,1.621
2017,Irada,no,1.1,6.3,1614,3.208,0.322
2016,Mirzya,yes,13.5,4.6,1969,3.294,1.161
2024,Article 370,no,110.57,7.8,28392,4.453,2.048
2011,Yeh Saali Zindagi,no,10.75,7.4,4856,3.686,1.07
2012,Jism 2,no,49.0,3.1,3830,3.583,1.699
2016,Mohenjo Daro,yes,107.8,5.6,13735,4.138,2.037
2018,Blackmail,no,28.81,7.2,13462,4.129,1.474
2000,Raja Ko Rani Se Pyar Ho Gaya,no,64.87,3.4,120,2.083,1.819
2013,Zindagi 50-50,yes,11.0,2.8,261,2.418,1.079
2017,A Death in the Gunj,no,1.37,7.4,6858,3.836,0.375
2005,Chaahat – Ek Nasha,no,153.0,4.0,101,2.009,2.188
2005,Naam Gum Jaayega,no,3.5,6.2,109,2.041,0.653
2007,Apne,yes,69.28,6.1,3847,3.585,1.847
2001,Pyaar Zindagi Hai,yes,0.11,6.5,68,1.839,0.045
2011,Chala Mussaddi... Office Office,no,1.4,6.1,394,2.597,0.38
2024,The Buckingham Murders,yes,14.56,5.9,11223,4.05,1.192
2019,Junglee,no,24.7,5.6,2532,3.404,1.41
2013,R... Rajkumar,yes,101.21,5.3,7676,3.885,2.009
2004,Murder,yes,25.0,5.6,7742,3.889,1.415
2006,Dil Diya Hai,yes,3.25,3.9,613,2.788,0.628
2009,Toss,no,0.19,5.2,31,1.505,0.076
2000,Mission Kashmir,yes,43.3,6.6,8072,3.907,1.646
2002,Gunaah,no,7.5,3.5,484,2.686,0.929
2010,Ramayana: The Epic,no,0.98,6.1,752,2.877,0.297
2015,Ab Tak Chhappan 2,no,6.64,5.8,1598,3.204,0.883
2017,Aa Gaya Hero,no,1.39,2.3,413,2.617,0.378
2018,Mulk,yes,28.33,7.2,22509,4.352,1.467
2019,Sonchiriya,no,10.42,7.9,13596,4.133,1.058
2023,Bheed,no,3.33,6.5,12812,4.108,0.636
2025,Heer Express,no,9.42,5.3,9178,3.963,1.018
2007,Life in a... Metro,no,24.45,7.4,15143,4.18,1.406
2008,One Two Three,yes,27.0,5.6,3529,3.548,1.447
2014,Manjunath,no,30.0,7.1,527,2.723,1.491
2009,Billu,no,47.45,6.4,15035,4.177,1.685
2001,Chandni Bar,no,6.6,7.6,2943,3.469,0.881
2003,Dum,yes,9.07,5.7,1887,3.276,1.003
2009,Jail,no,10.0,6.3,1467,3.167,1.041
2010,Bumm Bumm Bole,no,1.34,6.5,1156,3.063,0.369
2017,The Ghazi Attack,no,62.0,7.5,16065,4.206,1.799
2011,Love Breakups Zindagi,yes,2.06,5.9,1159,3.064,0.486
2023,1920: Horrors of the Heart,no,17.35,2.7,4381,3.642,1.264
2018,Laila Majnu,no,11.5,7.6,9828,3.993,1.097
2024,Madgaon Express,no,57.34,7.0,42705,4.63,1.766
2025,Jugnuma: The Fable,no,0.4,6.3,20897,4.32,0.146
2018,Genius,no,7.5,5.1,3849,3.585,0.929
2009,Sikandar,no,0.82,6.4,306,2.487,0.26
2025,Kis Kisko Pyaar Karoon 2,no,14.87,4.7,4196,3.623,1.201
2014,Dishkiyaoon,yes,6.88,5.2,1137,3.056,0.897
2007,Return of Hanuman,no,6.14,7.6,2266,3.355,0.854
2007,No Smoking,no,3.49,7.3,11300,4.053,0.652
2018,Andhadhun,no,456.89,8.2,116411,5.066,2.661
2018,Badhaai Ho,no,221.44,7.9,40826,4.611,2.347
2013,Nautanki Saala,yes,22.3,5.8,4599,3.663,1.367
2014,Bewakoofiyaan,yes,22.2,5.5,4786,3.68,1.365
2015,Dum Laga Ke Haisha,no,113.85,7.4,22529,4.353,2.06
2017,Bareilly Ki Barfi,no,58.75,7.5,28608,4.457,1.776
2017,Meri Pyaari Bindu,no,17.79,6.1,6746,3.829,1.274
2019,Article 15,no,93.08,8.1,41487,4.618,1.973
2019,Bala,no,172.0,7.3,18125,4.258,2.238
2019,Dream Girl,no,200.8,7.0,18646,4.271,2.305
2020,Shubh Mangal Zyada Saavdhan,no,87.0,5.8,11240,4.051,1.944
2021,Chandigarh Kare Aashiqui,no,41.23,6.7,15987,4.204,1.626
2022,Anek,no,11.1,6.3,22864,4.359,1.083
2022,Doctor G,no,40.71,6.6,19576,4.292,1.62
2025,Thamma,no,169.75,5.8,49285,4.693,2.232
2010,My Friend Ganesha 3,no,1.59,5.0,105,2.025,0.413
2018,October,yes,58.41,7.6,20996,4.322,1.774
2009,Main Aurr Mrs Khanna,yes,14.6,3.4,3576,3.554,1.193
2010,Kites,yes,65.0,6.0,14420,4.159,1.82
2012,Chittagong,no,0.31,7.3,1945,3.289,0.117
2016,LoveShhuda,no,3.02,4.7,658,2.819,0.604
2013,The Lunchbox,no,110.0,7.8,68370,4.835,2.045
2017,Poster Boys,yes,30.0,5.4,1862,3.27,1.491
2016,Sanam Re,yes,31.46,3.4,3831,3.583,1.511
2002,Dil Vil Pyar Vyar,no,4.65,5.4,580,2.764,0.752
2003,Tere Naam,yes,24.54,7.2,22648,4.355,1.407
2019,Saand Ki Aankh,no,30.7,7.5,6196,3.792,1.501
2020,Bhoot – Part One: The Haunted Ship,yes,40.94,5.4,6228,3.794,1.623
2022,Badhaai Do,no,28.33,7.0,23050,4.363,1.467
2023,Thank You for Coming,no,9.64,4.2,14471,4.161,1.027
2002,Chor Machaaye Shor,yes,13.62,4.4,1448,3.161,1.165
2002,Mere Yaar Ki Shaadi Hai,yes,16.54,5.4,2719,3.435,1.244
2002,Raaz,no,37.2,6.6,5183,3.715,1.582
2003,Jism,no,13.41,5.3,2539,3.405,1.159
2004,Ishq Hai Tumse,no,5.67,3.5,199,2.301,0.824
2004,Rudraksh,yes,9.87,2.8,1541,3.188,1.036
2005,Chehraa,no,0.6,4.3,194,2.29,0.204
2006,Corporate,no,15.06,6.6,2236,3.35,1.206
2007,Nehlle Pe Dehlla,yes,6.41,3.7,645,2.81,0.87
2008,Bachna Ae Haseeno,yes,79.0,6.2,13600,4.134,1.903
2009,Aa Dekhen Zara,no,10.38,5.2,1004,3.002,1.056
2010,Pankh,no,0.2,3.6,156,2.196,0.079
2012,Jodi Breakers,no,33.4,3.7,1286,3.11,1.537
2012,Raaz 3: The Third Dimension,yes,101.1,4.2,4456,3.649,2.009
2014,Creature,no,20.6,3.3,1841,3.265,1.334
2014,Humshakals,yes,105.28,1.8,9254,3.966,2.026
2015,Alone,no,25.84,3.8,1977,3.296,1.429
2000,Badal,yes,26.91,5.1,1715,3.235,1.446
2000,Bichhoo,yes,19.75,5.0,3391,3.53,1.317
2000,Hum To Mohabbat Karega,yes,9.92,3.1,520,2.717,1.038
2004,Kismat,yes,8.46,4.0,596,2.776,0.976
2008,Chamku,yes,3.09,4.5,647,2.812,0.612
2009,Ek: The Power of One,yes,6.0,4.7,436,2.64,0.845
2018,Yamla Pagla Deewana: Phir Se,yes,15.0,4.4,1548,3.19,1.204
2024,All India Rank,no,0.35,6.1,3075,3.488,0.13
2006,Being Cyrus,yes,4.6,7.1,3167,3.501,0.748
2008,Love Story 2050,no,18.47,2.7,2816,3.45,1.289
2009,99,yes,14.76,7.3,3557,3.551,1.198
2012,Cocktail,yes,125.7,6.3,16296,4.212,2.103
2012,Ek Main Aur Ekk Tu,yes,72.1,5.8,7591,3.88,1.864
2012,Ferrari Ki Sawaari,no,45.69,6.4,9834,3.993,1.669
2012,Shirin Farhad Ki Toh Nikal Padi,no,9.48,4.5,1127,3.052,1.02
2014,Youngistaan,yes,9.45,5.2,2032,3.308,1.019
2018,Parmanu: The Story Of Pokhran,no,91.38,7.6,26705,4.427,1.966
2022,Jayeshbhai Jordaar,no,26.31,6.0,44491,4.648,1.436
2014,Ankhon Dekhi,no,47.23,7.9,13758,4.139,1.683
2017,Qarib Qarib Singlle,no,2.41,7.2,11630,4.066,0.533
2016,Mastizaade,no,36.44,2.5,3237,3.51,1.573
2017,Kadvi Hawa,no,8.7,7.9,1781,3.251,0.987
2010,Chase,no,5.0,4.8,118,2.076,0.778
2003,Janasheen,yes,15.87,3.2,465,2.668,1.227
2017,Mirza Juuliet,no,0.95,4.4,183,2.265,0.29
2019,Battalion 609,no,0.01,2.7,154,2.19,0.004
2024,Laapataa Ladies,no,25.26,8.3,60209,4.78,1.419
2018,"Saheb, Biwi Aur Gangster 3",yes,10.2,4.4,934,2.971,1.049
2013,"I, Me Aur Main",no,13.82,4.7,2117,3.326,1.171
2007,Chak De! India,no,109.0,8.1,91958,4.964,2.041
2001,Kasam,yes,2.3,2.9,159,2.204,0.519
2013,Bullett Raja,yes,53.6,4.9,4267,3.63,1.737
2017,Begum Jaan,no,30.6,5.6,3133,3.496,1.5
2014,Jai Ho,yes,186.0,5.1,22740,4.357,2.272
2015,Hate Story 3,no,62.21,4.6,3726,3.571,1.801
2000,Chal Mere Bhai,yes,22.28,4.8,3925,3.594,1.367
2000,Phir Bhi Dil Hai Hindustani,no,25.46,6.2,9461,3.976,1.423
2001,Indian,yes,42.61,5.5,2931,3.467,1.64
2007,Big Brother,yes,12.09,4.2,1040,3.017,1.117
2014,Bang Bang!,yes,333.0,5.7,28078,4.448,2.524
2001,Farz,yes,19.92,4.4,589,2.771,1.321
2007,Jab We Met,yes,50.9,7.9,65403,4.816,1.715
2009,Ajab Prem Ki Ghazab Kahani,yes,106.74,6.5,18981,4.278,2.032
2013,Phata Poster Nikhla Hero,yes,72.0,4.9,6128,3.787,1.863
2017,A Gentleman,no,38.3,6.3,8039,3.905,1.594
2007,Johnny Gaddaar,no,5.68,7.8,14157,4.151,0.825
2017,Lucknow Central,no,16.95,6.2,3188,3.504,1.254
2019,Laal Kaptaan,yes,2.36,7.2,5766,3.761,0.526
2020,Angrezi Medium,yes,13.54,7.2,19267,4.285,1.163
2000,Dulhan Hum Le Jayenge,yes,36.87,5.2,4228,3.626,1.578
2014,Raja Natwarlal,yes,26.8,6.2,5116,3.709,1.444
2009,Love Aaj Kal,yes,119.52,6.8,18303,4.263,2.081
2010,Lafangey Parindey,no,22.7,5.3,2424,3.385,1.375
2013,Chennai Express,no,423.76,6.3,72482,4.86,2.628
2013,Goliyon Ki Raasleela Ram-Leela,no,220.58,6.4,23693,4.375,2.346
2015,Bajirao Mastani,no,356.2,7.3,42512,4.629,2.553
2015,Tamasha,yes,136.63,7.4,36325,4.56,2.139
2020,Chhapaak,no,55.44,5.4,28158,4.45,1.752
2023,Jawan,no,0.0,6.9,111425,5.047,0.0
2023,Pathaan,no,0.0,5.8,166289,5.221,0.0
2011,Bhindi Baazaar Inc.,no,1.19,6.0,758,2.88,0.34
2003,Love at Times Square,no,0.3,2.3,253,2.405,0.114
2011,Chargesheet,no,0.06,6.4,124,2.097,0.025
2014,Yaariyan,no,55.0,2.8,4062,3.609,1.748
2017,Chef,yes,10.6,5.7,2843,3.454,1.064
2025,Tere Ishk Mein,no,148.5,6.2,31711,4.501,2.175
2024,Teri Baaton Mein Aisa Uljha Jiya,yes,133.64,6.2,55736,4.746,2.129
2016,Banjo,no,13.24,5.0,1304,3.116,1.154
2018,Nawabzaade,no,4.05,4.2,1197,3.078,0.703
2005,Koi Mere Dil Mein Hai,no,0.47,4.2,123,2.093,0.167
2005,Parineeta,yes,32.63,7.2,10100,4.004,1.527
2009,Kurbaan,yes,42.9,5.7,5817,3.765,1.642
2018,Jalebi,no,2.41,6.1,3463,3.54,0.533
2001,One 2 Ka 4,no,13.82,5.5,6205,3.793,1.171
2019,Arjun Patiala,no,9.26,4.4,1746,3.242,1.011
2020,Suraj Pe Mangal Bhari,no,4.32,6.0,5407,3.733,0.726
2024,Crew,yes,157.08,5.8,39571,4.597,2.199
2005,Pyaar Mein Twist,yes,1.32,5.6,216,2.336,0.365
2003,Baaz: A Bird in Danger,yes,4.8,3.5,468,2.671,0.763
2004,Plan,yes,10.83,4.4,1074,3.031,1.073
2008,Gumnaam – The Mystery,no,0.55,3.2,144,2.161,0.19
2013,Saare Jahaan Se Mehnga,no,0.84,7.0,1434,3.157,0.265
2018,Baaghi 2,yes,254.33,4.7,12945,4.112,2.407
2021,Radhe,yes,18.33,1.8,181696,5.259,1.286
2024,Yodha,no,52.0,5.7,9340,3.97,1.724
2004,Agnipankh,no,28.0,4.8,143,2.158,1.462
2011,Stanley Ka Dabba,no,7.63,7.8,8079,3.907,0.936
2012,Dangerous Ishq,yes,8.69,4.2,1032,3.014,0.986
2013,Bhaag Milkha Bhaag,yes,200.0,8.2,78985,4.898,2.303
2014,Ragini MMS 2,no,63.29,3.9,3312,3.52,1.808
2015,Badlapur,yes,103.0,7.4,28745,4.459,2.017
2016,Traffic,no,11.65,6.7,2851,3.455,1.102
2021,Satyameva Jayate 2,no,17.29,3.3,16449,4.216,1.262
2025,Ek Chatur Naar,no,3.2,6.0,7528,3.877,0.623
2011,Pyaar Ka Punchnama,no,17.5,7.6,23629,4.373,1.267
2018,Batti Gul Meter Chalu,yes,56.0,5.9,6549,3.816,1.756
2019,The Zoya Factor,yes,6.96,4.4,2906,3.463,0.901
2018,Karwaan,no,26.42,7.6,20536,4.313,1.438
2023,Starfish,no,0.1,4.3,19961,4.3,0.041
2015,Mere Genie Uncle,no,0.02,4.3,13,1.146,0.009
2005,Zeher,yes,13.0,5.6,2574,3.411,1.146
2006,The Killer,yes,6.5,4.8,1456,3.163,0.875
2009,Tum Mile,yes,13.4,5.1,2086,3.32,1.158
2011,Murder 2,yes,105.0,6.4,8566,3.933,2.025
2011,The Dirty Picture,yes,130.0,6.5,11272,4.052,2.117
2012,Jannat 2,yes,63.09,6.3,6801,3.833,1.807
2013,Ek Thi Daayan,yes,40.25,5.8,4964,3.696,1.615
2013,Ghanchakkar,yes,38.0,5.9,5565,3.746,1.591
2015,Hamari Adhuri Kahani,yes,58.0,6.8,7960,3.901,1.771
2016,Azhar,yes,56.69,5.7,6206,3.793,1.761
2016,Raaz: Reboot,yes,42.07,4.5,2371,3.375,1.634
2019,The Body,yes,3.47,5.5,5137,3.711,0.65
2023,Tiger 3,yes,466.63,5.6,56551,4.752,2.67
2025,Haq,yes,28.68,7.8,16211,4.21,1.472
2003,Chura Liyaa Hai Tumne,yes,5.1,3.8,533,2.728,0.785
2003,Kucch To Hai,yes,11.0,4.4,1109,3.045,1.079
2007,Darling,yes,4.75,6.5,1573,3.197,0.76
2013,Rangrezz,yes,6.37,5.2,484,2.686,0.867
2015,Kuch Kuch Locha Hai,no,3.26,2.6,963,2.984,0.629
2016,Teraa Surroor,no,20.21,2.7,993,2.997,1.327
2000,Jungle,yes,14.34,6.1,1364,3.135,1.186
2001,Pyaar Tune Kya Kiya,yes,11.79,5.7,1031,3.014,1.107
2004,Fida,yes,16.9,5.5,3209,3.507,1.253
2005,Ek Khiladi Ek Haseena,yes,7.88,5.7,710,2.852,0.948
2014,Shaadi Ke Side Effects,no,69.6,5.6,4378,3.641,1.849
2019,The Sky Is Pink,no,34.41,7.6,10760,4.032,1.549
2025,120 Bahadur,no,20.0,7.0,4833,3.684,1.322
2003,Fun2shh... Dudes in the 10th Century,no,4.41,4.8,1177,3.071,0.733
2023,Sam Bahadur,yes,128.17,7.7,21825,4.339,2.111
2025,Gustaakh Ishq,no,2.29,7.1,3822,3.582,0.517
2023,Satyaprem Ki Katha,no,117.77,6.6,31767,4.502,2.075
2024,Yudhra,no,11.31,4.9,13932,4.144,1.09
2009,Rocket Singh: Salesman of the Year,yes,23.65,7.5,25038,4.399,1.392
2016,Love Games,no,4.04,4.3,1098,3.041,0.702
2004,Swades,no,40.2,8.2,106197,5.026,1.615
2017,Trapped,no,3.53,7.5,15063,4.178,0.656
2003,Tujhe Meri Kasam,no,14.36,6.2,615,2.79,1.186
2010,Chance Pe Dance,yes,16.3,4.8,3281,3.516,1.238
2011,Force,yes,40.0,6.5,9292,3.968,1.613
2012,Tere Naal Love Ho Gaya,no,32.61,5.9,4867,3.687,1.526
2000,Hey Ram,yes,11.3,8.0,15186,4.181,1.09
2012,Ek Tha Tiger,yes,334.39,5.7,42734,4.631,2.526
2013,Ramaiya Vastavaiya,no,38.34,5.9,5601,3.748,1.595
2014,Filmistaan,no,9.99,7.3,3804,3.58,1.041
2007,Traffic Signal,no,8.5,6.6,1862,3.27,0.978
2000,Hadh Kar Di Aapne,yes,20.0,5.3,2337,3.369,1.322
2000,Kunwara,no,19.34,5.2,1221,3.087,1.308
2001,Jodi No.1,yes,34.13,5.8,2957,3.471,1.546
2002,Chalo Ishq Ladaaye,yes,1.7,4.5,695,2.843,0.431
2014,Happy Ending,yes,38.0,5.4,4133,3.616,1.591
2018,FryDay,no,1.52,5.3,992,2.997,0.401
2008,Deshdrohi,no,0.89,1.2,7126,3.853,0.276
2012,Hate Story,no,16.43,5.3,4212,3.625,1.241
2015,Hunterrr,no,11.2,7.0,7252,3.861,1.086
2016,Junooniyat,no,4.1,4.1,1087,3.037,0.708
2024,Ulajh,yes,11.05,5.9,25615,4.409,1.081
2010,Knock Out,yes,6.2,6.1,2515,3.401,0.857
2010,Payback,no,0.25,4.1,727,2.862,0.097
2011,I Am Kalam,no,6.0,7.9,5214,3.717,0.845
2015,Kaun Kitney Paani Mein,no,0.29,6.1,2529,3.403,0.111
2018,Hate Story IV,no,26.6,3.4,2015,3.304,1.441
2016,Wajah Tum Ho,no,24.4,4.5,1501,3.177,1.405
2017,Jattu Engineer,no,7.2,6.1,3442,3.537,0.914
2004,Jaago,yes,1.33,6.6,211,2.326,0.367
2023,12th Fail,no,69.64,8.7,172191,5.236,1.849
2009,What's Your Raashee?,no,17.0,4.9,2966,3.472,1.255
2025,Baaghi 4,yes,66.39,2.5,9419,3.974,1.829
2022,Code Name: Tiranga,no,1.41,3.5,4712,3.673,0.382
2015,Bajrangi Bhaijaan,yes,920.9,8.1,111573,5.048,2.965
2018,Bhavesh Joshi Superhero,yes,4.75,7.6,11485,4.06,0.76
2025,Ek Deewane Ki Deewaniyat,no,112.03,4.6,3725,3.571,2.053
2011,Bodyguard,yes,252.99,4.8,30737,4.488,2.405
2020,Hacked,no,1.82,4.4,1936,3.287,0.45
2017,Simran,no,27.25,5.2,4665,3.669,1.451
2003,Joggers Park,no,2.1,6.2,422,2.626,0.491
2007,Anwar,no,0.12,6.5,1283,3.109,0.049
2017,Ribbon,no,0.53,6.9,1934,3.287,0.185
2000,Fiza,yes,32.2,6.0,4761,3.678,1.521
2002,Mujhse Dosti Karoge!,yes,33.61,5.1,7076,3.85,1.539
2003,Koi... Mil Gaya,yes,82.32,7.2,31385,4.497,1.921
2006,Krrish,yes,126.5,6.5,28355,4.453,2.106
2012,Agneepath,yes,193.0,6.9,28822,4.46,2.288
2013,Krrish 3,yes,393.37,5.4,28736,4.458,2.596
2017,Kaabil,yes,208.14,7.2,33330,4.523,2.32
2019,War,yes,475.62,6.6,40191,4.604,2.678
2022,Vikram Vedha,yes,135.03,7.1,27399,4.438,2.134
2012,Luv Shuv Tey Chicken Khurana,no,10.5,6.6,4222,3.626,1.061
2022,Double XL,yes,1.12,4.6,4648,3.667,0.326
2015,Margarita with a Straw,no,7.4,7.2,4334,3.637,0.924
2012,Barfi!,yes,175.0,8.1,93874,4.973,2.246
2024,Do Aur Do Pyaar,no,4.63,6.4,12391,4.093,0.751
2012,Kahaani,no,104.0,8.1,69992,4.845,2.021
2025,Maa,yes,51.64,4.9,18982,4.278,1.721
2009,New York,no,78.34,6.8,13078,4.117,1.899
2011,7 Khoon Maaf,no,33.0,6.3,7088,3.851,1.531
2012,Paan Singh Tomar,no,20.18,8.2,40108,4.603,1.326
2013,"Saheb, Biwi Aur Gangster Returns",yes,28.8,6.7,4227,3.626,1.474
2014,Haider,yes,85.0,8.0,61150,4.786,1.934
2015,Talvar,no,45.9,8.1,43525,4.639,1.671
2016,Madaari,no,28.7,7.6,16174,4.209,1.473
2017,Hindi Medium,no,334.36,7.9,36052,4.557,2.526
2004,Krishna Cottage,yes,5.9,5.3,1734,3.239,0.839
2006,Rocky,yes,3.04,4.1,399,2.602,0.606
2018,Dhadak,yes,110.11,4.7,12876,4.11,2.046
2022,Phone Bhoot,yes,18.73,5.2,11334,4.054,1.295
2025,Homebound,yes,3.0,7.9,13579,4.133,0.602
2019,Blank,yes,6.41,6.1,1312,3.118,0.87
2012,Bhoot Returns,no,6.39,3.3,2366,3.374,0.869
2000,Jung,yes,11.4,4.2,510,2.708,1.093
2000,Kahin Pyaar Na Ho Jaaye,yes,13.4,4.5,2823,3.451,1.158
2005,Kyon Ki,yes,23.15,5.6,5369,3.73,1.383
2010,Veer,yes,68.11,4.6,10180,4.008,1.84
2019,Romeo Akbar Walter,no,53.48,6.7,6646,3.823,1.736
2018,Mitron,yes,3.85,6.9,2837,3.453,0.686
2014,Kick,yes,402.0,5.9,76939,4.886,2.605
2022,Cirkus,no,61.47,4.2,24930,4.397,1.796
2023,Kisi Ka Bhai Kisi Ki Jaan,yes,182.0,3.9,42021,4.623,2.262
2021,Roohi,yes,30.33,4.3,11565,4.063,1.496
2024,Mr. & Mrs. Mahi,yes,51.96,5.9,16289,4.212,1.724
2025,Param Sundari,yes,85.83,5.0,53663,4.73,1.939
2025,Sunny Sanskari Ki Tulsi Kumari,yes,99.39,5.1,25428,4.405,2.002
2003,Chalte Chalte,yes,43.29,6.5,17754,4.249,1.646
2015,Ek Paheli Leela,no,27.47,3.8,1969,3.294,1.454
2020,Panga,no,41.71,6.8,8191,3.913,1.631
2024,Bhaiyya Ji,no,11.76,4.7,7486,3.874,1.106
2003,Jajantaram Mamantaram,no,5.7,6.1,3165,3.501,0.826
2008,Roadside Romeo,yes,6.46,4.9,1919,3.283,0.873
2014,Hate Story 2,no,31.07,4.4,2646,3.423,1.506
2003,Kal Ho Naa Ho,yes,86.09,7.9,81762,4.913,1.94
2023,Minus 31: The Nagpur Files,no,0.06,5.3,2402,3.381,0.025
2024,Ishq Vishk Rebound,yes,6.13,5.1,8376,3.923,0.853
2017,Raabta,no,39.05,4.8,9673,3.986,1.603
2007,Chhodon Naa Yaar,no,0.26,3.8,138,2.143,0.1
2007,Delhii Heights,no,0.99,4.3,212,2.328,0.299
2011,"Saheb, Biwi Aur Gangster",no,10.75,7.1,4570,3.66,1.07
2011,Tanu Weds Manu,no,56.0,6.8,17990,4.255,1.756
2018,Mukkabaaz,no,10.51,8.0,9542,3.98,1.061
2019,Family of Thakurganj,no,15.0,5.3,979,2.991,1.204
2019,Jhootha Kahin Ka,yes,2.57,4.6,426,2.63,0.553
2014,Mardaani,yes,59.55,7.3,15598,4.193,1.782
2019,Mardaani 2,yes,67.12,7.3,12117,4.083,1.833
2002,Yeh Dil Aashiqanaa,no,10.57,4.6,438,2.642,1.063
2005,Karam,no,7.76,5.8,1578,3.198,0.943
2010,Aashayein,no,2.2,7.1,1404,3.148,0.505
2013,Madras Cafe,no,67.0,7.6,26690,4.426,1.833
2016,Force 2,yes,58.8,6.2,6440,3.809,1.777
2016,Rocky Handsome,no,35.0,6.8,10053,4.002,1.556
2019,Batla House,no,113.38,7.2,13273,4.123,2.058
2025,The Diplomat,no,53.14,7.0,16818,4.226,1.734
2003,Kash Aap Hamare Hote,yes,1.64,5.0,108,2.037,0.422
2005,Khamoshh... Khauff Ki Raat,no,1.04,3.6,325,2.513,0.31
2005,My Brother... Nikhil,no,0.05,7.3,1404,3.148,0.021
2014,Gulaab Gang,no,22.7,6.0,2301,3.362,1.375
2025,Loveyapa,yes,8.99,5.2,2328,3.367,1.0
2011,Ragini MMS,no,90.0,5.1,3029,3.481,1.959
2016,Do Lafzon Ki Kahani,no,4.0,6.5,1867,3.271,0.699
2025,Sikandar,yes,176.18,3.6,53754,4.73,2.248
2001,Kuch Khatti Kuch Meethi,yes,10.55,4.7,776,2.89,1.063
2015,Dilwale,yes,376.0,5.1,41991,4.623,2.576
2018,Helicopter Eela,yes,8.24,5.5,1372,3.138,0.966
2022,Salaam Venky,yes,1.99,6.7,3109,3.493,0.476
2011,Shaitan,no,39.76,7.2,9234,3.965,1.61
2017,Jia aur Jia,no,0.87,4.5,222,2.348,0.272
2006,Woh Lamhe...,no,14.98,6.5,1748,3.243,1.204
2014,Queen,no,95.04,8.1,71423,4.854,1.982
2014,Revolver Rani,no,9.0,4.6,2046,3.311,1.0
2015,Tanu Weds Manu: Returns,no,243.6,7.6,30714,4.487,2.388
2017,Rangoon,yes,41.04,5.6,5307,3.725,1.624
2023,Tejas,no,5.6,4.3,25179,4.401,0.82
2019,Pal Pal Dil Ke Paas,yes,10.0,4.6,1415,3.151,1.041
2005,Bachke Rehna Re Baba,yes,5.51,2.8,248,2.396,0.814
2014,Zid,no,14.15,4.5,1629,3.212,1.18
2001,Mujhe Kucch Kehna Hai,yes,30.99,4.7,1434,3.157,1.505
2018,Veere Di Wedding,yes,139.0,3.4,13773,4.139,2.146
2015,Pyaar Ka Punchnama 2,no,88.17,7.2,17594,4.245,1.95
2017,Guest iin London,no,10.64,5.4,2760,3.441,1.066
2020,Love Aaj Kal,yes,52.63,4.7,11148,4.047,1.729
2022,Bhool Bhulaiyaa 2,no,266.88,5.7,36236,4.559,2.428
2023,Shehzada,no,47.43,4.5,32187,4.508,1.685
2024,Bhool Bhulaiyaa 3,no,423.85,4.6,78999,4.898,2.628
2024,Chandu Champion,no,88.73,7.8,36553,4.563,1.953
2013,Akaash Vani,no,2.24,6.4,2406,3.381,0.511
2000,Aaj Ka Ravan,no,1.02,4.3,50,1.708,0.305
2013,Bombay Talkies,yes,10.0,6.6,6023,3.78,1.041
2015,Phantom,yes,84.0,6.0,10425,4.018,1.929
2016,Baar Baar Dekho,no,62.67,5.4,8189,3.913,1.804
2017,Jagga Jasoos,yes,86.85,6.4,13877,4.142,1.944
2017,Tiger Zinda Hai,yes,570.83,5.9,36861,4.567,2.757
2008,Mumbai Meri Jaan,yes,5.02,7.7,6743,3.829,0.78
2008,Sirf,no,55.5,5.9,109,2.041,1.752
2012,Life Ki Toh Lag Gayi,no,0.32,5.2,281,2.45,0.121
2013,Shahid,no,3.7,8.2,21565,4.334,0.672
2018,Vodka Diaries,no,1.26,5.6,1722,3.236,0.354
2017,Machine,no,3.48,2.8,1081,3.034,0.651
2005,Chand Sa Roshan Chehra,no,0.53,6.0,94,1.978,0.185
2017,Shaadi Mein Zaroor Aana,no,19.4,7.5,19939,4.3,1.31
2014,Heropanti,yes,82.0,5.2,11605,4.065,1.919
2022,Bhediya,yes,89.97,6.7,29094,4.464,1.959
2023,Adipurush,yes,350.0,2.6,137537,5.138,2.545
2018,High Jack,no,0.34,5.3,355,2.551,0.127
2013,Go Goa Gone,yes,39.0,6.7,17148,4.234,1.602
2017,Hanuman: Da' Damdaar,yes,2.0,5.3,318,2.504,0.477
2002,Saathiya,yes,29.15,6.8,9581,3.981,1.479
2024,Kill,no,47.12,7.4,46675,4.669,1.682
2013,David,no,17.0,6.2,2949,3.47,1.255
2023,Jogira Sara Ra Ra,yes,1.75,6.4,3269,3.515,0.439
2017,Wedding Anniversary,no,0.24,4.0,126,2.104,0.093
2000,Kurukshetra,yes,19.87,6.1,1253,3.098,1.32
2017,Raees,no,308.1,6.6,54915,4.74,2.49
2004,Paisa Vasool,no,0.69,4.3,184,2.267,0.228
2005,Sau Jhooth Ek Sach,no,0.02,7.4,89,1.954,0.009
2001,Chhupa Rustam: A Musical Thriller,yes,9.46,4.5,149,2.176,1.02
2017,Tumhari Sulu,no,51.39,7.0,5819,3.765,1.719
2021,Saina,no,1.5,4.5,4437,3.647,0.398
2000,Champion,yes,16.0,4.6,754,2.878,1.23
2000,Khauff,yes,10.58,4.5,469,2.672,1.064
2003,Escape from Taliban,no,1.44,4.4,243,2.387,0.387
2003,Market,no,427.0,4.0,170,2.233,2.631
2023,Fukrey 3,no,128.37,5.5,25950,4.414,2.112
2005,Fareb,no,1.08,4.3,221,2.346,0.318
2016,Aligarh,no,4.27,7.7,8707,3.94,0.722
2023,Joram,no,0.4,6.5,2838,3.453,0.146
2023,The Great Indian Family,yes,5.65,5.6,7162,3.855,0.823
2025,Maalik,no,26.3,5.7,10843,4.035,1.436
2020,Thappad,no,44.54,7.0,27868,4.445,1.658
2019,Malaal,yes,2.5,5.9,1551,3.191,0.544
2019,Satellite Shankar,yes,0.54,6.3,1315,3.119,0.188
2000,Tarkieb,no,9.24,5.1,324,2.512,1.01
2007,Bheja Fry,no,12.58,7.6,12723,4.105,1.133
2008,Jimmy,yes,1.86,1.7,313,2.497,0.456
2014,Mary Kom,no,86.19,6.8,12133,4.084,1.94
2005,Lucky: No Time for Love,yes,27.81,4.7,4121,3.615,1.46
2019,Uri: The Surgical Strike,yes,342.06,8.2,83865,4.924,2.535
2000,Astitva,yes,2.16,7.3,876,2.943,0.5
2006,Shaadi Karke Phas Gaya Yaar,yes,5.02,4.1,1633,3.213,0.78
2024,Dukaan,yes,0.18,7.4,2032,3.308,0.072
2022,Jersey,yes,27.9,7.3,15670,4.195,1.461
2004,Ek Hasina Thi,yes,10.0,7.5,8461,3.927,1.041
2018,Pihu,no,2.95,6.7,3160,3.5,0.597
2003,Supari,yes,2.65,4.3,182,2.262,0.562
2013,The Attacks of 26/11,no,30.9,7.0,5999,3.778,1.504
2024,Vanvaas,no,6.37,6.6,1658,3.22,0.867
2019,Amavas,no,3.6,2.9,428,2.632,0.663
2005,Iqbal,no,5.6,8.1,18417,4.265,0.82
2013,Jackpot,no,5.0,2.0,865,2.938,0.778
2019,Chhichhore,yes,215.41,8.3,72911,4.863,2.335
2015,Manjhi – The Mountain Man,no,18.0,8.0,21237,4.327,1.279
2016,Raman Raghav 2.0,yes,7.0,7.3,17437,4.241,0.903
2017,Haraamkhor,no,2.27,6.3,4746,3.676,0.515
2017,Munna Michael,yes,47.2,3.5,6121,3.787,1.683
2018,Manto,no,3.71,7.3,5023,3.701,0.673
2019,Photograph,no,1.29,6.8,6701,3.826,0.36
2022,Heropanti 2,yes,35.13,2.2,28208,4.45,1.558
2022,Sherdil,no,10.0,6.5,3072,3.488,1.041
2013,Besharam,yes,102.85,3.6,6485,3.812,2.016
2017,G Kutta Se,no,0.9,8.2,61,1.792,0.279
2008,Dasvidaniya,no,1.87,7.8,6814,3.833,0.458
2010,Phas Gaye Re Obama,no,14.0,7.5,6383,3.805,1.176
2013,Luv U Soniyo,no,2.7,5.6,75,1.881,0.568
2012,Kyaa Super Kool Hain Hum,yes,60.77,5.0,4426,3.646,1.791
2012,Teri Meri Kahaani,yes,54.0,4.9,4415,3.645,1.74
2013,3G - A Killer Connection,no,5.91,3.6,1289,3.111,0.839
2010,Rokkk,no,1.05,4.4,173,2.241,0.312
2022,Janhit Mein Jaari,no,5.12,6.8,8280,3.918,0.787
2016,One Night Stand,no,4.19,3.2,1569,3.196,0.715
2016,Motu Patlu: King of Kings,no,4.27,6.5,256,2.41,0.722
2010,Peepli Live,no,46.85,7.4,13221,4.121,1.68
2023,Dono,yes,0.7,5.2,456,2.66,0.23
2016,Nil Battey Sannata,no,6.9,8.2,9809,3.992,0.898
2024,Main Atal Hoon,no,8.65,6.9,6477,3.811,0.985
2015,Yaara Silly Silly,no,0.26,5.4,288,2.461,0.1
2013,Table No. 21,no,17.72,7.2,15997,4.204,1.272
2013,Shuddh Desi Romance,yes,76.0,5.8,10721,4.03,1.886
2019,Jabariya Jodi,no,21.13,4.0,1976,3.296,1.345
2014,Hawaa Hawaai,no,11.36,7.4,1923,3.284,1.092
2014,CityLights,no,79.0,7.3,5848,3.767,1.903
2025,Phule,no,6.21,8.1,3187,3.504,0.858
2022,Dobaaraa,no,6.77,4.9,21514,4.333,0.89
2025,Deva,yes,51.73,6.6,29995,4.477,1.722
2013,Nasha,no,8.0,3.2,1474,3.169,0.954
2013,Mere Dad Ki Maruti,no,12.54,6.4,5063,3.704,1.132
2019,Notebook,no,3.72,7.1,3753,3.574,0.674
2000,Har Dil Jo Pyar Karega,yes,32.45,5.2,5326,3.726,1.524
2001,Chori Chori Chupke Chupke,yes,37.51,5.5,5918,3.772,1.586
2003,The Hero: Love Story of a Spy,yes,45.13,5.5,2841,3.454,1.664
2012,Aiyyaa,yes,9.58,4.4,2226,3.348,1.024
2010,Anjaana Anjaani,yes,69.85,5.8,8073,3.907,1.85
2015,Barkhaa,no,1.33,5.1,389,2.591,0.367
2024,The Sabarmati Report,no,31.31,6.4,25586,4.408,1.509
2016,Parched,no,12.03,7.5,6562,3.817,1.115
2016,Phobia,no,3.25,6.8,3518,3.546,0.628
2014,Mastram,no,4.5,4.7,630,2.8,0.74
2010,Udaan,no,33.5,8.1,49951,4.699,1.538
2013,B.A. Pass,no,28.4,6.3,4605,3.663,1.468
2017,Behen Hogi Teri,no,2.76,5.6,2749,3.439,0.575
2018,Omerta,no,4.49,7.1,4097,3.613,0.74
2022,HIT: The First Case,no,11.78,6.8,18548,4.268,1.107
2024,Vicky Vidya Ka Woh Wala Video,no,55.51,5.2,12105,4.083,1.752
2025,Bhool Chuk Maaf,no,90.78,5.8,25969,4.414,1.963
2005,"Main, Meri Patni Aur Woh",no,3.37,7.3,2823,3.451,0.64
2019,Marjaavaan,no,65.34,3.8,5090,3.707,1.822
2007,Saawariya,yes,39.22,5.2,8870,3.948,1.604
2018,Sanju,yes,586.85,7.6,67548,4.83,2.769
2022,Shamshera,yes,63.58,4.7,57739,4.761,1.81
2023,Tu Jhoothi Main Makkaar,yes,220.1,6.0,30576,4.485,2.345
2025,Jaat,yes,119.24,6.0,13345,4.125,2.08
2018,Hichki,yes,239.79,7.5,15374,4.187,2.382
2021,Bunty Aur Babli 2,yes,22.12,4.1,4673,3.67,1.364
2023,Mrs. Chatterjee vs Norway,yes,36.53,7.3,11233,4.051,1.574
2011,No One Killed Jessica,no,45.72,7.2,13213,4.121,1.67
2013,Lootera,yes,46.14,7.4,18236,4.261,1.673
2016,Befikre,no,103.0,4.2,8864,3.948,2.017
2018,Simmba,yes,400.19,5.5,24045,4.381,2.603
2019,Hamid,no,0.07,7.7,1484,3.172,0.029
2017,Maatr,no,93.9,4.7,558,2.747,1.977
2017,Bank Chor,yes,9.85,6.0,3451,3.538,1.035
2001,Style,no,8.84,6.7,2401,3.381,0.993
2020,Bhangra Paa Le,yes,0.52,6.3,448,2.652,0.182
2012,Chhota Bheem and the Curse of Damyaan,no,5.51,6.7,627,2.798,0.814
2017,Sachin: A Billion Dreams,no,76.86,8.4,8658,3.937,1.891
2010,Click,no,1.6,3.6,401,2.604,0.415
2017,Tubelight,yes,211.14,4.0,23986,4.38,2.327
2019,Ghost,no,1.82,3.8,1697,3.23,0.45
2012,Bumboo,no,0.39,4.3,2221,3.347,0.143
2018,Kedarnath,yes,102.77,6.8,16267,4.211,2.016
2023,Zara Hatke Zara Bachke,yes,115.89,5.9,16940,4.229,2.068
2016,Fan,no,188.04,6.8,53709,4.73,2.277
2016,Neerja,yes,135.52,7.6,25211,4.402,2.135
2003,Hawa,no,5.89,3.4,404,2.607,0.838
2025,Aankhon Ki Gustaakhiyan,yes,2.35,5.7,29154,4.465,0.525
2002,Karz: The Burden of Truth,yes,15.57,3.9,532,2.727,1.219
2022,Khuda Haafiz: Chapter 2 – Agni Pariksha,no,20.33,7.4,15419,4.188,1.329
2016,Baaghi,yes,129.0,5.4,11757,4.07,2.114
2025,Dhadak 2,no,29.0,6.8,20428,4.31,1.477
2025,Crazxy,no,11.09,6.6,18019,4.256,1.082
2017,Ajji,no,8.5,6.8,2024,3.306,0.978
2017,Anaarkali of Aarah,no,1.48,6.1,2064,3.315,0.394
2022,Shabaash Mithu,no,2.89,5.6,8491,3.929,0.59
