year,title,gross
2000,How the Grinch Stole Christmas,"$251,628,905"
2000,Mission: Impossible II,"$215,409,889"
2000,Gladiator,"$186,610,052"
2000,The Perfect Storm,"$182,618,434"
2000,Meet the Parents,"$161,146,255"
2000,X-Men,"$157,299,718"
2000,Scary Movie,"$157,019,771"
2000,What Lies Beneath,"$155,359,812"
2000,Dinosaur,"$137,748,063"
2000,Erin Brockovich,"$125,595,205"
2000,Nutty Professor II: The Klumps,"$123,305,415"
2000,Charlie's Angels,"$122,693,797"
2000,Big Momma's House,"$117,559,438"
2000,Remember the Titans,"$113,546,621"
2000,The Patriot,"$113,330,342"
2000,What Women Want,"$110,187,917"
2000,Chicken Run,"$106,834,564"
2000,Gone in 60 Seconds,"$101,648,571"
2000,Cast Away,"$100,628,725"
2000,"Me, Myself & Irene","$90,570,999"
2000,Space Cowboys,"$90,107,204"
2000,Scream 3,"$89,143,175"
2000,Unbreakable,"$88,304,876"
2000,U-571,"$77,122,415"
2000,Hollow Man,"$73,209,340"
2000,Stuart Little,"$72,701,240"
2000,Shaft,"$70,334,258"
2000,The Green Mile,"$69,839,360"
2000,The Kid,"$69,691,949"
2000,Rugrats in Paris,"$68,941,692"
2000,Road Trip,"$68,540,777"
2000,Bring It On,"$68,337,590"
2000,Rules of Engagement,"$61,335,230"
2000,The Cell,"$61,334,059"
2000,Mission to Mars,"$60,883,407"
2000,Coyote Ugly,"$60,786,269"
2000,Snow Day,"$60,020,107"
2000,Fantasia 2000,"$59,809,390"
2000,American Beauty,"$59,267,786"
2000,Next Friday,"$57,328,603"
2000,The Whole Nine Yards,"$57,262,492"
2000,Shanghai Noon,"$56,937,502"
2000,Romeo Must Die,"$55,973,336"
2000,102 Dalmatians,"$55,552,178"
2000,The Cider House Rules,"$54,535,422"
2000,Final Destination,"$53,331,147"
2000,The Talented Mr. Ripley,"$51,726,616"
2000,Galaxy Quest,"$51,665,118"
2000,The Road to El Dorado,"$50,863,742"
2000,The Hurricane,"$50,336,689"
2000,Vertical Limit,"$49,834,850"
2000,Men of Honor,"$47,357,207"
2000,Toy Story 2,"$46,009,125"
2000,The Tigger Movie,"$45,554,533"
2000,Frequency,"$45,010,278"
2000,The Replacements,"$44,737,059"
2000,Pokémon the Movie 2000,"$43,758,684"
2000,Miss Congeniality,"$41,784,460"
2000,Any Given Sunday,"$39,882,713"
2000,The Beach,"$39,785,027"
2000,The Exorcist2000 Director's Cut,"$39,671,011"
2000,Pitch Black,"$39,240,659"
2000,The Emperor's New Groove,"$38,960,149"
2000,The Family Man,"$38,817,090"
2000,Little Nicky,"$38,801,062"
2000,The Original Kings of Comedy,"$38,182,790"
2000,Autumn in New York,"$37,761,915"
2000,Bedazzled,"$37,472,420"
2000,28 Days,"$37,170,488"
2000,Keeping the Faith,"$37,047,880"
2000,Bounce,"$36,637,217"
2000,Hanging Up,"$36,050,230"
2000,The Flintstones in Viva Rock Vegas,"$35,268,275"
2000,The Skulls,"$35,046,120"
2000,Mysteries of Egypt,"$34,271,224"
2000,The 6th Day,"$34,259,361"
2000,My Dog Skip,"$34,134,641"
2000,Where the Heart Is,"$33,772,838"
2000,"Dude, Where's My Car?","$33,113,843"
2000,Pay It Forward,"$32,960,771"
2000,Return to Me,"$32,722,798"
2000,Almost Famous,"$31,932,799"
2000,The Legend of Bagger Vance,"$30,688,488"
2000,The Art of War,"$30,208,599"
2000,Bless the Child,"$29,381,494"
2000,The Watcher,"$28,946,615"
2000,"Girl, Interrupted","$28,562,738"
2000,Love & Basketball,"$27,459,615"
2000,High Fidelity,"$27,287,137"
2000,Book of Shadows: Blair Witch 2,"$26,437,094"
2000,Proof of Life,"$26,380,380"
2000,The Adventures of Rocky & Bullwinkle,"$26,005,820"
2000,Nurse Betty,"$25,170,054"
2000,Bicentennial Man,"$24,838,165"
2000,Deuce Bigalow: Male Gigolo,"$23,565,651"
2000,Reindeer Games,"$23,244,837"
2000,Titan A.E.,"$22,753,426"
2000,Boys and Girls,"$21,799,652"
2000,Magnolia,"$21,540,572"
2000,Battlefield Earth,"$21,471,685"
2000,Urban Legends: Final Cut,"$21,468,807"
2000,Down to You,"$20,069,008"
2000,Wonder Boys,"$19,272,097"
2000,Anna and the King,"$18,745,638"
2000,The Ninth Gate,"$18,661,336"
2000,Dracula 2000,"$18,347,231"
2000,The Contender,"$17,793,086"
2000,The Sixth Sense,"$17,392,617"
2000,Small Time Crooks,"$17,266,359"
2000,Red Planet,"$17,224,802"
2000,Center Stage,"$17,200,925"
2000,Best in Show,"$17,077,142"
2000,Boiler Room,"$16,970,581"
2000,Billy Elliot,"$16,875,428"
2000,Lost Souls,"$16,815,253"
2000,Eye of the Beholder,"$16,500,786"
2000,Thomas and the Magic Railroad,"$15,891,056"
2000,Loser,"$15,618,626"
2000,Drowning Mona,"$15,506,764"
2000,Bait,"$15,325,127"
2000,American Psycho,"$15,070,285"
2000,Get Carter,"$14,967,182"
2000,The Next Best Thing,"$14,941,324"
2000,Man on the Moon,"$14,682,505"
2000,Snow Falling on Cedars,"$14,316,301"
2000,Michael Jordan to the Max,"$14,289,413"
2000,Supernova,"$14,230,455"
2000,Dungeons & Dragons,"$13,964,757"
2000,The Ladies Man,"$13,616,610"
2000,The Little Vampire,"$13,572,400"
2000,Dr. T & the Women,"$13,113,041"
2000,The Crew,"$13,023,075"
2000,Everest,"$13,008,988"
2000,Angela's Ashes,"$12,903,522"
2000,Highlander: Endgame,"$12,811,858"
2000,Ready to Rumble,"$12,394,327"
2000,"Crouching Tiger, Hidden Dragon","$12,187,815"
2000,Saving Grace,"$12,178,602"
2000,Drunken Master II,"$11,555,430"
2000,The World Is Not Enough,"$11,365,512"
2000,Here on Earth,"$10,522,168"
2000,Lucky Numbers,"$10,042,516"
2000,Godzilla 2000,"$10,037,390"
2000,3 Strikes,"$9,832,166"
2000,Digimon: The Movie,"$9,631,153"
2000,The End of the Affair,"$9,551,124"
2000,Sleepy Hollow,"$9,454,475"
2000,Boys Don't Cry,"$8,926,795"
2000,Whatever It Takes,"$8,745,680"
2000,Cirque du Soleil: Journey of Man,"$8,665,626"
2000,Play It to the Bone,"$8,430,780"
2000,T-Rex: Back to the Cretaceous,"$8,260,384"
2000,Galapagos,"$7,801,785"
2000,Screwed,"$7,027,345"
2000,All the Pretty Horses,"$6,817,435"
2000,I Dreamed of Africa,"$6,651,522"
2000,All About My Mother,"$6,385,732"
2000,Sunshine,"$6,377,468"
2000,What Planet Are You From?,"$6,291,602"
2000,Croupier,"$6,201,143"
2000,Topsy-Turvy,"$6,068,998"
2000,The Way of the Gun,"$6,055,661"
2000,Where the Money Is,"$5,661,798"
2000,The in Crowd,"$5,280,035"
2000,Black & White,"$5,277,299"
2000,Gossip,"$5,108,820"
2000,Woman on Top,"$5,020,111"
2000,End of Days,"$4,988,944"
2000,Being John Malkovich,"$4,980,937"
2000,The Virgin Suicides,"$4,906,229"
2000,Duets,"$4,739,023"
2000,Held Up,"$4,705,631"
2000,The Tao of Steve,"$4,342,203"
2000,Dancer in the Dark,"$4,184,036"
2000,East Is East,"$4,177,818"
2000,Whipped,"$4,159,986"
2000,Finding Forrester,"$4,026,419"
2000,You Can Count on Me,"$3,671,059"
2000,CyberWorld,"$3,640,193"
2000,Chocolat,"$3,471,055"
2000,Extreme,"$3,468,653"
2000,Price of Glory,"$3,440,228"
2000,Sweet and Lowdown,"$3,438,209"
2000,Island of the Sharks,"$3,428,031"
2000,Ghost Dog: The Way of the Samurai,"$3,308,029"
2000,The Big Kahuna,"$3,165,544"
2000,Beautiful,"$3,157,348"
2000,Siegfried & Roy: The Magic Box,"$3,069,116"
2000,The Insider,"$3,064,931"
2000,The Bone Collector,"$3,059,175"
2000,Quills,"$3,015,756"
2000,Isn't She Great,"$2,962,465"
2000,Up at the Villa,"$2,933,161"
2000,Requiem for a Dream,"$2,813,757"
2000,Alien Adventure,"$2,806,793"
2000,Double Jeopardy,"$2,754,826"
2000,Africa's Elephant Kingdom,"$2,706,607"
2000,God's Army,"$2,693,795"
2000,Wolves,"$2,643,337"
2000,Mansfield Park,"$2,634,754"
2001,Harry Potter and the Sorcerer's Stone,"$288,516,414"
2001,Shrek,"$267,665,011"
2001,"Monsters, Inc.","$237,466,244"
2001,Rush Hour 2,"$226,164,286"
2001,The Mummy Returns,"$202,019,785"
2001,Pearl Harbor,"$198,542,554"
2001,Jurassic Park III,"$181,171,875"
2001,Planet of the Apes,"$179,737,919"
2001,Hannibal,"$165,092,268"
2001,The Lord of the Rings: The Fellowship of the Ring,"$163,871,215"
2001,American Pie 2,"$145,103,595"
2001,The Fast and the Furious,"$144,533,925"
2001,Ocean's Eleven,"$132,148,523"
2001,Lara Croft: Tomb Raider,"$131,168,070"
2001,Traffic,"$123,821,766"
2001,Cast Away,"$123,211,641"
2001,"Crouching Tiger, Hidden Dragon","$116,297,316"
2001,Dr. Dolittle 2,"$112,952,899"
2001,Spy Kids,"$112,719,001"
2001,The Princess Diaries,"$108,164,921"
2001,The Others,"$96,522,687"
2001,Legally Blonde,"$96,520,674"
2001,America's Sweethearts,"$93,607,673"
2001,Cats & Dogs,"$93,385,515"
2001,Save the Last Dance,"$91,057,006"
2001,Atlantis: The Lost Empire,"$84,056,472"
2001,A.I. Artificial Intelligence,"$78,616,689"
2001,Training Day,"$76,631,907"
2001,Along Came a Spider,"$74,078,174"
2001,What Women Want,"$72,624,146"
2001,Bridget Jones's Diary,"$71,543,427"
2001,Scary Movie 2,"$71,308,997"
2001,The Score,"$71,107,711"
2001,Swordfish,"$69,772,969"
2001,Vanilla Sky,"$68,620,163"
2001,Shallow Hal,"$68,352,745"
2001,Chocolat,"$68,038,305"
2001,The Mexican,"$66,845,033"
2001,Miss Congeniality,"$65,033,094"
2001,Down to Earth,"$64,186,502"
2001,Spy Game,"$60,840,050"
2001,The Wedding Planner,"$60,400,856"
2001,The Animal,"$57,743,291"
2001,Moulin Rouge!,"$57,039,601"
2001,Rat Race,"$56,618,055"
2001,A Knight's Tale,"$56,569,702"
2001,Don't Say a Word,"$54,916,382"
2001,Blow,"$52,990,775"
2001,Exit Wounds,"$51,758,599"
2001,Enemy at the Gates,"$51,401,758"
2001,K-PAX,"$50,295,015"
2001,Behind Enemy Lines,"$50,215,028"
2001,Serendipity,"$50,056,224"
2001,Finding Forrester,"$47,778,290"
2001,Jimmy Neutron: Boy Genius,"$45,701,766"
2001,Zoolander,"$45,104,133"
2001,Domestic Disturbance,"$44,723,385"
2001,"O Brother, Where Art Thou?","$44,288,980"
2001,The One,"$43,905,746"
2001,Thir13en Ghosts,"$41,867,960"
2001,Bandits,"$41,393,367"
2001,Heartbreakers,"$40,336,607"
2001,Hardball,"$40,042,117"
2001,Evolution,"$38,345,494"
2001,Jeepers Creepers,"$37,904,175"
2001,The Emperor's New Groove,"$37,711,468"
2001,Kiss of the Dragon,"$36,845,124"
2001,Recess: School's Out,"$36,706,141"
2001,Ali,"$36,694,948"
2001,The Family Man,"$36,622,975"
2001,Thirteen Days,"$34,332,515"
2001,See Spot Run,"$33,357,476"
2001,Driven,"$32,720,065"
2001,What's the Worst That Could Happen?,"$32,269,834"
2001,Final Fantasy: The Spirits Within,"$32,131,830"
2001,Black Knight,"$31,507,862"
2001,From Hell,"$31,485,734"
2001,Not Another Teen Movie,"$30,864,800"
2001,Snatch,"$30,290,494"
2001,Riding in Cars with Boys,"$30,165,536"
2001,Jay and Silent Bob Strike Back,"$30,085,147"
2001,Double Take,"$29,831,583"
2001,Baby Boy,"$28,734,552"
2001,The Brothers,"$27,457,409"
2001,Someone Like You,"$27,343,067"
2001,Joe Dirt,"$27,087,695"
2001,The Musketeer,"$27,073,640"
2001,Crocodile Dundee in Los Angeles,"$25,635,682"
2001,Memento,"$25,544,867"
2001,Captain Corelli's Mandolin,"$25,543,895"
2001,Sweet November,"$25,288,103"
2001,15 Minutes,"$24,403,552"
2001,Hearts in Atlantis,"$24,185,781"
2001,Angel Eyes,"$24,174,218"
2001,Corky Romano,"$23,617,484"
2001,Heist,"$23,510,841"
2001,Kingdom Come,"$23,249,649"
2001,Two Can Play That Game,"$22,235,901"
2001,Joy Ride,"$21,974,919"
2001,Valentine,"$20,384,136"
2001,Summer Catch,"$19,753,553"
2001,The Pledge,"$19,733,089"
2001,Vertical Limit,"$19,408,555"
2001,Saving Silverman,"$19,402,030"
2001,The Last Castle,"$18,244,060"
2001,How High,"$18,233,820"
2001,The Glass House,"$18,150,259"
2001,Kate & Leopold,"$17,222,281"
2001,Pokémon 3 the Movie: Spell of the Unown,"$17,052,128"
2001,Rock Star,"$17,008,282"
2001,Max Keeble's Big Move,"$17,004,127"
2001,Crazy/Beautiful,"$16,937,988"
2001,Original Sin,"$16,534,221"
2001,O,"$16,025,437"
2001,The Majestic,"$15,923,251"
2001,A Beautiful Mind,"$15,876,796"
2001,Amélie,"$15,789,200"
2001,3000 Miles to Graceland,"$15,749,959"
2001,Life as a House,"$15,636,354"
2001,Iron Monkey,"$14,694,904"
2001,Dracula 2000,"$14,675,536"
2001,Joe Somebody,"$14,577,095"
2001,Josie and the Pussycats,"$14,271,015"
2001,Freddy Got Fingered,"$14,254,993"
2001,The Tailor of Panama,"$13,729,742"
2001,"Dude, Where's My Car?","$13,615,951"
2001,Osmosis Jones,"$13,596,911"
2001,Out Cold,"$13,563,173"
2001,Tomcats,"$13,558,739"
2001,American Outlaws,"$13,342,790"
2001,Sugar & Spice,"$13,305,101"
2001,The Gift,"$11,965,167"
2001,Get Over It,"$11,576,464"
2001,Antitrust,"$11,328,094"
2001,Head Over Heels,"$10,424,470"
2001,The Wash,"$9,952,394"
2001,102 Dalmatians,"$9,400,238"
2001,The Royal Tenenbaums,"$9,234,863"
2001,The Deep End,"$8,823,109"
2001,All the Pretty Horses,"$8,722,914"
2001,Ghosts of Mars,"$8,709,640"
2001,Pollock,"$8,554,349"
2001,How the Grinch Stole Christmas,"$8,415,920"
2001,Shadow of the Vampire,"$8,093,543"
2001,The Closet,"$8,067,083"
2001,The Curse of the Jade Scorpion,"$7,517,191"
2001,Bones,"$7,316,658"
2001,The Forsaken,"$7,288,451"
2001,CyberWorld,"$7,021,984"
2001,Sexy Beast,"$6,946,056"
2001,The Man Who Wasn't There,"$6,816,671"
2001,Town & Country,"$6,719,973"
2001,Shackleton's Antarctic Adventure,"$6,448,117"
2001,One Night at McCool's,"$6,290,673"
2001,Ghost World,"$6,050,125"
2001,Megiddo: The Omega Code 2,"$6,047,691"
2001,Rugrats in Paris,"$5,952,040"
2001,You Can Count on Me,"$5,745,743"
2001,State and Main,"$5,660,382"
2001,Mulholland Drive,"$5,588,478"
2001,Say It Isn't So,"$5,520,393"
2001,Unbreakable,"$5,485,999"
2001,Monkeybone,"$5,411,999"
2001,Amores Perros,"$5,408,467"
2001,Made,"$5,313,300"
2001,Billy Elliot,"$5,119,832"
2001,Meet the Parents,"$5,097,790"
2001,Bubble Boy,"$5,007,898"
2001,Just Visiting,"$4,781,539"
2001,Bread and Tulips,"$4,778,389"
2001,Apocalypse Now Redux2001 Re-release,"$4,626,290"
2001,Tortilla Soup,"$4,467,615"
2001,Proof of Life,"$4,407,691"
2001,On the Line,"$4,365,455"
2001,Michael Jordan to the Max,"$4,361,106"
2001,Cirque du Soleil: Journey of Man,"$4,306,004"
2001,Glitter,"$4,274,407"
2001,Left Behind: The Movie,"$4,224,065"
2001,Quills,"$4,049,571"
2001,The Anniversary Party,"$4,047,329"
2001,Before Night Falls,"$4,043,927"
2001,With a Friend Like Harry...,"$3,830,441"
2001,Galapagos,"$3,682,423"
2001,Pootie Tang,"$3,313,583"
2001,Widow of St. Pierre,"$3,292,361"
2001,Soul Survivors,"$3,111,545"
2001,Malena,"$3,087,499"
2001,Hedwig and the Angry Inch,"$3,067,312"
2001,Songcatcher,"$3,059,834"
2001,The Golden Bowl,"$3,050,532"
2001,The House of Mirth,"$2,905,191"
2001,In the Mood for Love,"$2,738,980"
2001,Les Boys III,"$2,702,207"
2001,T-Rex: Back to the Cretaceous,"$2,637,723"
2001,Charlie's Angels,"$2,611,748"
2001,The Dish,"$2,552,992"
2001,Waking Life,"$2,523,640"
2001,Himalaya2001 Re-release,"$2,401,282"
2001,Gabriela,"$2,335,352"
2001,Sidewalks of New York,"$2,321,658"
2002,Spider-Man,"$403,706,375"
2002,Star Wars: Episode II - Attack of the Clones,"$302,191,252"
2002,Harry Potter and the Chamber of Secrets,"$243,867,371"
2002,Signs,"$227,486,621"
2002,My Big Fat Greek Wedding,"$223,900,343"
2002,The Lord of the Rings: The Two Towers,"$218,595,905"
2002,Austin Powers in Goldmember,"$212,864,437"
2002,Men in Black II,"$190,418,803"
2002,Ice Age,"$176,387,405"
2002,A Beautiful Mind,"$154,865,545"
2002,Scooby-Doo,"$153,294,164"
2002,The Lord of the Rings: The Fellowship of the Ring,"$149,492,899"
2002,Die Another Day,"$148,765,559"
2002,Lilo & Stitch,"$145,794,338"
2002,xXx,"$142,052,700"
2002,The Santa Clause 2,"$136,568,619"
2002,Minority Report,"$132,072,926"
2002,The Ring,"$126,853,967"
2002,Mr. Deeds,"$126,293,452"
2002,Sweet Home Alabama,"$125,162,368"
2002,The Bourne Identity,"$121,661,683"
2002,The Sum of All Fears,"$118,907,036"
2002,8 Mile,"$114,825,865"
2002,Black Hawk Down,"$108,417,454"
2002,Road to Perdition,"$104,454,762"
2002,Panic Room,"$96,397,334"
2002,Red Dragon,"$93,124,155"
2002,The Scorpion King,"$91,047,077"
2002,Spy Kids 2: Island of Lost Dreams,"$85,426,231"
2002,Blade II,"$82,348,319"
2002,Snow Dogs,"$81,172,560"
2002,We Were Soldiers,"$78,122,718"
2002,Barbershop,"$75,600,370"
2002,The Rookie,"$75,600,072"
2002,Spirit: Stallion of the Cimarron,"$73,280,117"
2002,John Q,"$71,756,802"
2002,Divine Secrets of the Ya-Ya Sisterhood,"$69,599,016"
2002,Insomnia,"$67,355,513"
2002,Changing Lanes,"$66,818,548"
2002,Stuart Little 2,"$64,883,156"
2002,Jackass: The Movie,"$64,088,388"
2002,Catch Me If You Can,"$62,572,761"
2002,Maid in Manhattan,"$62,130,801"
2002,The Time Machine,"$56,832,494"
2002,The Count of Monte Cristo,"$54,234,062"
2002,Unfaithful,"$52,775,765"
2002,Like Mike,"$51,432,760"
2002,Ocean's Eleven,"$51,268,627"
2002,The Tuxedo,"$50,449,608"
2002,Two Weeks Notice,"$50,201,319"
2002,Return to Never Land,"$48,430,258"
2002,Big Fat Liar,"$48,360,547"
2002,The Royal Tenenbaums,"$43,127,147"
2002,Reign of Fire,"$43,061,982"
2002,High Crimes,"$41,543,917"
2002,About a Boy,"$41,385,278"
2002,A Walk to Remember,"$41,281,092"
2002,Orange County,"$41,076,018"
2002,Windtalkers,"$40,914,068"
2002,Gosford Park,"$40,895,232"
2002,Blue Crush,"$40,390,647"
2002,The Master of Disguise,"$40,388,794"
2002,I Am Sam,"$40,263,224"
2002,Resident Evil,"$40,119,709"
2002,Collateral Damage,"$40,077,257"
2002,Enough,"$40,007,742"
2002,Drumline,"$39,116,389"
2002,Undercover Brother,"$39,089,928"
2002,Showtime,"$38,082,712"
2002,40 Days and 40 Nights,"$37,950,822"
2002,Crossroads,"$37,191,304"
2002,Clockstoppers,"$36,989,956"
2002,The Mothman Prophecies,"$35,746,370"
2002,Star Trek: Nemesis,"$35,494,352"
2002,E.T. the Extra-Terrestrial20th Anniversary,"$35,306,015"
2002,Jimmy Neutron: Boy Genius,"$35,234,466"
2002,K-19: The Widowmaker,"$35,168,966"
2002,Gangs of New York,"$34,325,000"
2002,In the Bedroom,"$33,985,039"
2002,Treasure Planet,"$33,767,017"
2002,I Spy,"$33,297,730"
2002,Friday After Next,"$32,351,900"
2002,Vanilla Sky,"$31,997,193"
2002,Murder by Numbers,"$31,945,749"
2002,One Hour Photo,"$31,587,882"
2002,Monster's Ball,"$31,111,028"
2002,Halloween: Resurrection,"$30,354,442"
2002,Queen of the Damned,"$30,336,800"
2002,Dragonfly,"$30,323,400"
2002,The Banger Sisters,"$30,307,416"
2002,Bad Company,"$30,160,161"
2002,Space Station 3D,"$30,126,705"
2002,Kate & Leopold,"$29,899,574"
2002,The New Guy,"$29,760,152"
2002,Ghost Ship,"$29,662,862"
2002,Harry Potter and the Sorcerer's Stone,"$29,059,541"
2002,Analyze That,"$28,739,707"
2002,Swimfan,"$28,564,995"
2002,The Crocodile Hunter: Collision Course,"$28,442,574"
2002,Brown Sugar,"$27,273,283"
2002,Blood Work,"$26,235,081"
2002,All About the Benjamins,"$25,916,319"
2002,The Transporter,"$25,272,510"
2002,Jonah: A VeggieTales Movie,"$25,230,712"
2002,The Sweetest Thing,"$24,718,164"
2002,Beauty and the Beast2000 IMAX Release,"$24,168,654"
2002,The Hot Chick,"$23,995,607"
2002,Eight Crazy Nights,"$23,341,502"
2002,City by the Sea,"$22,457,568"
2002,The Wild Thornberrys,"$22,411,533"
2002,Ali,"$21,508,157"
2002,Van Wilder,"$21,305,259"
2002,Frida,"$20,518,988"
2002,Martin Lawrence Live: Runteldat,"$19,184,820"
2002,Hart's War,"$19,077,641"
2002,Rollerball,"$18,990,798"
2002,Tuck Everlasting,"$18,795,418"
2002,Super Troopers,"$18,492,362"
2002,"Monsters, Inc.","$18,407,006"
2002,The Four Feathers,"$18,306,166"
2002,Punch-Drunk Love,"$17,844,216"
2002,Amélie,"$17,436,294"
2002,Eight Legged Freaks,"$17,322,606"
2002,The Country Bears,"$16,990,825"
2002,Serving Sara,"$16,930,185"
2002,White Oleander,"$16,357,770"
2002,Kung Pow: Enter the Fist,"$16,037,962"
2002,Empire,"$15,413,065"
2002,Half Past Dead,"$15,374,912"
2002,Bowling for Columbine,"$15,364,197"
2002,The Next Best Thing,"$14,986,688"
2002,Solaris,"$14,838,227"
2002,Life or Something Like It,"$14,448,589"
2002,Ballistic: Ecks vs. Sever,"$14,307,963"
2002,Stealing Harvard,"$14,036,406"
2002,The Good Girl,"$14,018,296"
2002,Monsoon Wedding,"$13,885,966"
2002,Y tu mamá también,"$13,839,658"
2002,Hey Arnold! The Movie,"$13,728,902"
2002,The Emperor's Club,"$13,673,240"
2002,Juwanna Mann,"$13,670,733"
2002,Feardotcom,"$13,258,249"
2002,Jason X,"$13,121,555"
2002,Frailty,"$13,110,448"
2002,How High,"$12,944,920"
2002,Undisputed,"$12,764,457"
2002,They,"$12,616,304"
2002,The Majestic,"$11,884,012"
2002,Knockaround Guys,"$11,693,962"
2002,The Powerpuff Girls Movie,"$11,412,414"
2002,CyberWorld,"$11,315,437"
2002,Brotherhood of the Wolf,"$11,260,096"
2002,Abandon,"$10,727,683"
2002,Far from Heaven,"$10,303,978"
2002,Sorority Boys,"$10,200,032"
2002,Possession,"$10,113,616"
2002,S1m0ne,"$9,729,415"
2002,The Shipping News,"$9,242,154"
2002,Behind Enemy Lines,"$8,641,762"
2002,The Importance of Being Earnest,"$8,384,929"
2002,Death to Smoochy,"$8,364,691"
2002,Joe Somebody,"$8,194,551"
2002,Star Wars: Episode II - Attack of the Clones2002 IMAX Release,"$7,979,225"
2002,Not Another Teen Movie,"$7,387,484"
2002,Shackleton's Antarctic Adventure,"$7,335,696"
2002,Big Trouble,"$7,267,307"
2002,Trapped,"$7,073,251"
2002,Kissing Jessica Stein,"$7,025,722"
2002,Moonlight Mile,"$6,788,377"
2002,Spider-Man/Men in Black IIDouble Bill,"$6,632,970"
2002,Femme Fatale,"$6,630,252"
2002,The Rules of Attraction,"$6,529,218"
2002,Impostor,"$6,285,176"
2002,Deuces Wild,"$6,080,065"
2002,Iris,"$5,571,473"
2002,Spirited Away,"$5,384,953"
2002,The Truth About Charlie,"$5,350,371"
2002,Slackers,"$5,285,941"
2002,Formula 51,"$5,204,007"
2002,Real Women Have Curves,"$5,165,916"
2002,Birthday Girl,"$5,142,576"
2002,Hollywood Ending,"$4,850,753"
2002,Extreme Ops,"$4,775,724"
2002,Igby Goes Down,"$4,706,595"
2002,Adaptation.,"$4,551,555"
2002,Italian for Beginners,"$4,544,753"
2002,The Adventures of Pluto Nash,"$4,420,080"
2002,Lantana,"$4,338,191"
2002,EnigmaOriginal Release,"$4,301,582"
2002,The Crime of Padre Amaro,"$4,293,774"
2002,The Other Side of Heaven,"$4,272,708"
2002,Séraphin: Heart of Stone,"$4,265,443"
2002,Men with Brooms,"$4,245,870"
2002,Lovely & Amazing,"$4,222,923"
2002,Ultimate X: The Movie,"$4,197,492"
2002,Mostly Martha,"$4,133,232"
2002,Secretary,"$3,843,970"
2002,Antwone Fisher,"$3,671,337"
2002,T-Rex: Back to the Cretaceous,"$3,337,927"
2002,13 Conversations About One Thing,"$3,288,164"
2003,Finding Nemo,"$339,714,184"
2003,Pirates of the Caribbean: The Curse of the Black Pearl,"$305,398,779"
2003,The Matrix Reloaded,"$281,576,461"
2003,The Lord of the Rings: The Return of the King,"$249,445,927"
2003,Bruce Almighty,"$242,829,261"
2003,X2: X-Men United,"$214,949,694"
2003,Elf,"$167,547,000"
2003,Chicago,"$167,511,932"
2003,Terminator 3: Rise of the Machines,"$150,371,112"
2003,Bad Boys II,"$138,608,444"
2003,The Matrix Revolutions,"$138,041,173"
2003,Anger Management,"$135,645,823"
2003,Bringing Down the House,"$132,716,848"
2003,Hulk,"$132,177,234"
2003,2 Fast 2 Furious,"$127,154,901"
2003,The Lord of the Rings: The Two Towers,"$121,193,976"
2003,Seabiscuit,"$120,231,534"
2003,S.W.A.T.,"$116,934,650"
2003,Spy Kids 3: Game Over,"$111,637,760"
2003,Freaky Friday,"$110,100,826"
2003,Scary Movie 3,"$109,362,202"
2003,The Italian Job,"$106,128,601"
2003,How to Lose a Guy in 10 Days,"$105,813,373"
2003,American Wedding,"$104,565,114"
2003,Daddy Day Care,"$104,297,061"
2003,Daredevil,"$102,543,518"
2003,Catch Me If You Can,"$102,042,590"
2003,Charlie's Angels: Full Throttle,"$100,830,111"
2003,The Cat in the Hat,"$98,050,995"
2003,"Legally Blonde 2: Red, White & Blonde","$90,186,328"
2003,Freddy vs. Jason,"$82,618,358"
2003,Brother Bear,"$82,580,265"
2003,Master and Commander: The Far Side of the World,"$81,531,748"
2003,The Texas Chainsaw Massacre,"$80,235,942"
2003,School of Rock,"$79,870,600"
2003,The Last Samurai,"$79,722,506"
2003,Old School,"$75,585,093"
2003,Kill Bill: Vol. 1,"$69,709,607"
2003,Holes,"$67,406,573"
2003,The Haunted Mansion,"$67,016,288"
2003,Kangaroo Jack,"$66,934,963"
2003,The League of Extraordinary Gentlemen,"$66,465,204"
2003,Lara Croft: Tomb Raider - The Cradle of Life,"$65,660,196"
2003,Something's Gotta Give,"$65,230,765"
2003,About Schmidt,"$61,997,645"
2003,Shanghai Knights,"$60,476,906"
2003,Open Range,"$58,331,254"
2003,Gothika,"$57,711,948"
2003,Love Actually,"$56,446,240"
2003,Once Upon a Time in Mexico,"$56,359,780"
2003,Just Married,"$56,127,162"
2003,Cheaper by the Dozen,"$55,618,744"
2003,Mystic River,"$53,765,605"
2003,Bad Santa,"$52,849,000"
2003,The Recruit,"$52,802,070"
2003,Identity,"$52,180,374"
2003,Underworld,"$51,791,168"
2003,Radio,"$51,422,388"
2003,Runaway Jury,"$48,931,905"
2003,Agent Cody Banks,"$47,938,330"
2003,The Jungle Book 2,"$47,906,341"
2003,The Rundown,"$47,726,342"
2003,Final Destination 2,"$46,977,989"
2003,Phone Booth,"$46,566,212"
2003,28 Days Later,"$45,064,915"
2003,Tears of the Sun,"$43,734,892"
2003,Gangs of New York,"$43,461,051"
2003,Under the Tuscan Sun,"$43,180,328"
2003,Two Weeks Notice,"$43,153,532"
2003,The Lizzie McGuire Movie,"$42,734,455"
2003,Secondhand Lions,"$42,071,531"
2003,The Hours,"$41,168,679"
2003,Out of Time,"$41,052,503"
2003,Rugrats Go Wild,"$39,402,572"
2003,Mona Lisa Smile,"$38,594,145"
2003,Head of State,"$38,125,247"
2003,Good Boy,"$37,650,360"
2003,Uptown Girls,"$37,182,494"
2003,Matchstick Men,"$36,906,460"
2003,National Security,"$36,377,344"
2003,What a Girl Wants,"$36,105,433"
2003,Jeepers Creepers 2,"$35,666,252"
2003,Intolerable Cruelty,"$35,267,692"
2003,Cradle 2 the Grave,"$34,712,347"
2003,Malibu's Most Wanted,"$34,432,201"
2003,The Hunted,"$34,244,097"
2003,Dreamcatcher,"$33,715,436"
2003,Darkness Falls,"$32,554,133"
2003,Bend It Like Beckham,"$32,543,449"
2003,The Pianist,"$32,366,947"
2003,Maid in Manhattan,"$31,880,424"
2003,The Core,"$31,186,896"
2003,Lost in Translation,"$30,961,436"
2003,Hollywood Homicide,"$30,940,691"
2003,The Fighting Temptations,"$30,250,745"
2003,Johnny English,"$28,082,366"
2003,Cold Mountain,"$28,051,514"
2003,Honey,"$27,368,200"
2003,A Man Apart,"$26,798,622"
2003,Basic,"$26,793,311"
2003,Stuck on You,"$26,763,656"
2003,Sinbad: Legend of the Seven Seas,"$26,483,452"
2003,Dumb and Dumberer: When Harry Met Lloyd,"$26,277,757"
2003,The Missing,"$25,904,967"
2003,Paycheck,"$25,022,077"
2003,Bulletproof Monk,"$23,358,708"
2003,Piglet's Big Movie,"$23,101,950"
2003,Dickie Roberts: Former Child Star,"$22,738,671"
2003,The Medallion,"$22,219,192"
2003,Peter Pan,"$22,111,465"
2003,Biker Boyz,"$22,064,769"
2003,Cold Creek Manor,"$21,386,011"
2003,Cabin Fever,"$21,157,359"
2003,Whale Rider,"$20,779,666"
2003,The In-Laws,"$20,453,431"
2003,Looney Tunes: Back in Action,"$20,382,757"
2003,Down with Love,"$20,305,251"
2003,The Life of David Gale,"$19,955,598"
2003,Timeline,"$19,068,097"
2003,Harry Potter and the Chamber of Secrets,"$18,121,111"
2003,Adaptation.,"$17,946,961"
2003,My Big Fat Greek Wedding,"$17,785,714"
2003,A Mighty Wind,"$17,781,006"
2003,The Wild Thornberrys,"$17,697,164"
2003,Love Don't Cost a Thing,"$17,602,676"
2003,Deliver Us from Eva,"$17,539,222"
2003,Antwone Fisher,"$17,406,808"
2003,Drumline,"$17,282,795"
2003,Space Station 3D,"$16,077,213"
2003,Confessions of a Dangerous Mind,"$15,986,590"
2003,View from the Top,"$15,613,897"
2003,My Boss's Daughter,"$15,548,548"
2003,A Guy Thing,"$15,545,431"
2003,Wrong Turn,"$15,418,790"
2003,Ghosts of the Abyss,"$15,259,623"
2003,Dirty Pretty Things,"$14,864,314"
2003,Alex & Emma,"$14,218,698"
2003,How to Deal,"$14,197,991"
2003,Gods and Generals,"$12,882,935"
2003,25th Hour,"$12,676,545"
2003,House of 1000 Corpses,"$12,631,898"
2003,The Quiet American,"$12,488,421"
2003,Confidence,"$12,252,063"
2003,Die Another Day,"$12,176,580"
2003,The Lion King2002 IMAX Release,"$11,977,577"
2003,The Hot Chick,"$11,085,987"
2003,Winged Migration2003 Re-release,"$10,763,402"
2003,Narc,"$10,256,880"
2003,House of the Dead,"$10,249,719"
2003,Swimming Pool,"$10,133,961"
2003,Duplex,"$9,692,219"
2003,Dark Blue,"$9,250,301"
2003,The Divorce,"$9,081,057"
2003,Boat Trip,"$8,599,116"
2003,Seducing Doctor Lewis,"$8,025,397"
2003,Talk to Her2002 Re-release,"$7,772,256"
2003,Star Trek: Nemesis,"$7,760,057"
2003,Tupac: Resurrection,"$7,718,961"
2003,The Order,"$7,660,806"
2003,It Runs in the Family,"$7,491,839"
2003,Willard,"$6,885,125"
2003,Bowling for Columbine,"$6,202,134"
2003,Nowhere in Africa,"$6,178,808"
2003,Chasing Papi,"$6,130,049"
2003,Gigli,"$6,087,542"
2003,American Splendor,"$6,011,630"
2003,Spellbound,"$5,728,581"
2003,T-Rex: Back to the Cretaceous,"$5,727,822"
2003,Far from Heaven,"$5,597,865"
2003,21 Grams,"$5,564,820"
2003,Luther,"$5,485,926"
2003,Frida,"$5,372,495"
2003,The Human Stain,"$5,353,851"
2003,Grind,"$5,123,696"
2003,Rabbit-Proof Fence,"$5,100,906"
2003,The Barbarian Invasions,"$5,037,785"
2003,Big Fish,"$4,965,533"
2003,From Justin to Kelly,"$4,928,883"
2003,In the Cut,"$4,750,602"
2003,Spirited Away,"$4,640,765"
2003,Thirteen,"$4,601,043"
2003,City of God,"$4,583,534"
2003,The Magdalene Sisters2003 Re-release,"$4,581,436"
2003,The Station Agent,"$4,464,135"
2003,Beyond Borders,"$4,430,101"
2003,Treasure Planet,"$4,409,766"
2003,The Real Cancun,"$3,823,269"
2003,Better Luck Tomorrow,"$3,802,390"
2003,In America,"$3,681,206"
2003,Step Into Liquid,"$3,680,394"
2003,Laurel Canyon,"$3,662,159"
2003,The Secret Lives of Dentists,"$3,618,566"
2003,The Good Thief,"$3,517,797"
2003,Analyze That,"$3,390,920"
2003,Anything Else,"$3,212,310"
2003,Mambo Italiano2003 Re-release,"$3,205,730"
2003,Capturing the Friedmans,"$3,119,113"
2003,The Guru,"$3,095,506"
2003,The Gospel of John,"$3,084,128"
2003,Mambo Italiano,"$3,047,296"
2004,Shrek 2,"$441,226,247"
2004,Spider-Man 2,"$373,585,825"
2004,The Passion of the Christ,"$370,274,604"
2004,Harry Potter and the Prisoner of Azkaban,"$249,541,069"
2004,The Incredibles,"$248,939,765"
2004,The Day After Tomorrow,"$186,740,799"
2004,The Bourne Supremacy,"$176,241,941"
2004,Shark Tale,"$160,531,869"
2004,The Polar Express,"$151,621,905"
2004,National Treasure,"$150,121,985"
2004,"I, Robot","$144,801,023"
2004,Troy,"$133,378,256"
2004,Meet the Fockers,"$132,859,765"
2004,The Lord of the Rings: The Return of the King,"$127,581,398"
2004,50 First Dates,"$120,908,074"
2004,Van Helsing,"$120,177,084"
2004,Fahrenheit 9/11,"$119,200,156"
2004,Dodgeball: A True Underdog Story,"$114,326,736"
2004,The Village,"$114,197,520"
2004,The Grudge,"$110,359,362"
2004,Collateral,"$101,005,703"
2004,Ocean's Twelve,"$100,416,657"
2004,The Princess Diaries 2: Royal Engagement,"$95,170,481"
2004,Starsky & Hutch,"$88,237,754"
2004,Along Came Polly,"$88,097,164"
2004,Mean Girls,"$86,058,055"
2004,Anchorman: The Legend of Ron Burgundy,"$85,288,303"
2004,A Series of Unfortunate Events,"$84,757,072"
2004,Scooby-Doo 2: Monsters Unleashed,"$84,216,833"
2004,Cheaper by the Dozen,"$82,995,800"
2004,The SpongeBob SquarePants Movie,"$81,106,338"
2004,The Notebook,"$81,001,255"
2004,Alien vs. Predator,"$80,282,231"
2004,Man on Fire,"$77,911,774"
2004,The Terminal,"$77,872,883"
2004,Garfield: The Movie,"$75,369,589"
2004,Ladder 49,"$73,740,094"
2004,Christmas with the Kranks,"$72,095,903"
2004,Ray,"$71,278,355"
2004,White Chicks,"$70,831,760"
2004,Cold Mountain,"$67,581,356"
2004,Hidalgo,"$67,303,450"
2004,The Forgotten,"$67,133,509"
2004,Kill Bill: Vol. 2,"$66,211,165"
2004,The Manchurian Candidate,"$65,955,630"
2004,Barbershop 2: Back in Business,"$65,111,277"
2004,Miracle,"$64,378,093"
2004,Big Fish,"$61,844,175"
2004,Friday Night Lights,"$61,255,921"
2004,Hellboy,"$59,623,958"
2004,Something's Gotta Give,"$59,497,973"
2004,The Stepford Wives,"$59,484,742"
2004,Dawn of the Dead,"$59,020,957"
2004,Without a Paddle,"$58,085,096"
2004,The Butterfly Effect,"$57,939,826"
2004,The Chronicles of Riddick,"$57,761,012"
2004,13 Going on 30,"$57,231,747"
2004,Shall We Dance?,"$57,004,141"
2004,Saw,"$55,185,045"
2004,Hero,"$53,707,388"
2004,King Arthur,"$51,882,244"
2004,A Cinderella Story,"$51,438,175"
2004,Resident Evil: Apocalypse,"$51,201,453"
2004,Home on the Range,"$50,030,461"
2004,Secret Window,"$48,022,900"
2004,Walking Tall,"$46,437,717"
2004,Blade: Trinity,"$45,688,172"
2004,Napoleon Dynamite,"$44,374,626"
2004,Exorcist: The Beginning,"$41,821,986"
2004,You Got Served,"$40,363,810"
2004,Catwoman,"$40,202,379"
2004,The Ladykillers,"$39,799,191"
2004,Bridget Jones: The Edge of Reason,"$39,778,585"
2004,Sky Captain and the World of Tomorrow,"$37,762,677"
2004,Raising Helen,"$37,486,512"
2004,Mystic River,"$36,369,586"
2004,TaxiOriginal Release,"$36,311,572"
2004,Eternal Sunshine of the Spotless Mind,"$34,400,739"
2004,Monster,"$34,310,570"
2004,Alexander,"$33,963,605"
2004,The Punisher,"$33,812,504"
2004,Team America: World Police,"$32,736,542"
2004,Taking Lives,"$32,682,342"
2004,Anacondas: The Hunt for the Blood Orchid,"$32,238,923"
2004,Cellular,"$32,005,186"
2004,The Last Samurai,"$31,404,757"
2004,Johnson Family Vacation,"$31,203,964"
2004,Open Water,"$30,612,360"
2004,Calendar Girls,"$29,976,515"
2004,Confessions of a Teenage Drama Queen,"$29,331,068"
2004,Paycheck,"$28,768,374"
2004,The Prince and Me,"$28,176,497"
2004,After the Sunset,"$28,064,533"
2004,Garden State,"$26,745,860"
2004,Spanglish,"$26,486,622"
2004,Peter Pan,"$26,351,143"
2004,Fat Albert,"$26,180,374"
2004,Closer,"$25,757,869"
2004,Jersey Girl,"$25,293,276"
2004,Mona Lisa Smile,"$25,266,797"
2004,Twisted,"$25,198,598"
2004,The Aviator,"$24,088,726"
2004,Around the World in 80 Days,"$24,008,137"
2004,Agent Cody Banks 2: Destination London,"$23,630,159"
2004,Ella Enchanted,"$22,948,987"
2004,Finding Neverland,"$22,675,510"
2004,The Alamo,"$22,414,961"
2004,Mr. 3000,"$21,811,187"
2004,Torque,"$21,215,059"
2004,Sideways,"$20,868,408"
2004,Little Black Book,"$20,698,668"
2004,Yu-Gi-Oh!: The Movie,"$19,765,868"
2004,NASCAR: The IMAX Experience,"$19,541,074"
2004,Two Brothers,"$19,176,754"
2004,Harold & Kumar Go to White Castle,"$18,249,648"
2004,Laws of Attraction,"$17,795,140"
2004,EuroTrip,"$17,771,387"
2004,My Baby's Daddy,"$17,669,609"
2004,Seed of Chucky,"$17,083,364"
2004,Win a Date with Tad Hamilton!,"$17,071,962"
2004,Wimbledon,"$17,001,133"
2004,Catch That Kid,"$16,703,799"
2004,The Whole Ten Yards,"$16,328,471"
2004,Vanity Fair,"$16,134,657"
2004,Paparazzi,"$15,714,234"
2004,The Motorcycle Diaries,"$15,575,375"
2004,The Girl Next Door,"$14,589,444"
2004,Flight of the Phoenix,"$14,559,140"
2004,Welcome to Mooseport,"$14,470,947"
2004,Godsend,"$14,378,469"
2004,Soul Plane,"$14,190,750"
2004,Dirty Dancing: Havana Nights,"$14,161,656"
2004,New York Minute,"$14,071,441"
2004,Lost in Translation,"$13,614,949"
2004,Envy,"$13,598,653"
2004,Shaun of the Dead,"$13,542,662"
2004,De-Lovely,"$13,456,633"
2004,Alfie,"$13,381,998"
2004,Wicker Park,"$13,001,257"
2004,The Phantom of the Opera,"$12,956,893"
2004,Darkness,"$12,872,058"
2004,I Heart Huckabees,"$12,576,126"
2004,Master and Commander: The Far Side of the World,"$12,396,172"
2004,Breakin' All the Rules,"$12,264,319"
2004,Chasing Liberty,"$12,195,626"
2004,In America,"$11,858,450"
2004,The Cookout,"$11,814,019"
2004,Surviving Christmas,"$11,663,156"
2004,Super Size Me,"$11,535,710"
2004,The Life Aquatic with Steve Zissou,"$11,361,325"
2004,Girl with a Pearl Earring,"$11,070,310"
2004,21 Grams,"$10,835,411"
2004,Raise Your Voice,"$10,413,484"
2004,The Perfect Score,"$10,391,003"
2004,Space Station 3D,"$10,241,152"
2004,House of Sand and Fog,"$10,094,363"
2004,What the #$*! Do We (K)now!?,"$10,040,325"
2004,Bugs!,"$9,694,425"
2004,Sleepover,"$9,436,390"
2004,Superbabies: Baby Geniuses 2,"$9,219,388"
2004,First Daughter,"$9,055,921"
2004,Saved!,"$8,940,582"
2004,The Haunted Mansion,"$8,830,978"
2004,Suspect Zero,"$8,725,813"
2004,Connie and Carla,"$8,085,771"
2004,Bad Santa,"$7,211,279"
2004,Stuck on You,"$7,069,085"
2004,The Cooler,"$6,882,556"
2004,Thunderbirds,"$6,880,917"
2004,Woman Thou Art Loosed,"$6,879,730"
2004,Maria Full of Grace,"$6,529,624"
2004,Teacher's Pet,"$6,491,969"
2004,The Big Bounce,"$6,489,476"
2004,Kinsey,"$6,326,263"
2004,The Triplets of Belleville,"$6,245,780"
2004,Against the Ropes,"$5,884,190"
2004,Elf,"$5,852,220"
2004,Before Sunset,"$5,820,649"
2004,The Clearing,"$5,763,875"
2004,Never Die Alone,"$5,645,298"
2004,The Young Black Stallion,"$5,242,131"
2004,Club Dread,"$5,001,708"
2004,Birth,"$4,762,995"
2004,Touching the Void,"$4,593,598"
2004,Spartan,"$4,434,432"
2004,Love Don't Cost a Thing,"$4,321,550"
2004,A Day Without a Mexican,"$4,195,471"
2004,Good Bye Lenin!,"$4,064,200"
2004,The Fog of War,"$4,020,568"
2004,Camping sauvage,"$3,894,585"
2004,The Door in the Floor,"$3,842,119"
2004,Benji: Off the Leash!,"$3,817,362"
2004,House of Flying Daggers,"$3,564,467"
2004,Being Julia,"$3,518,676"
2004,City of God,"$3,499,198"
2004,Love Actually,"$3,249,904"
2004,The Cat in the Hat,"$3,098,290"
2004,Honey,"$2,940,217"
2004,Clifford's Really Big Movie,"$2,922,354"
2004,Veer Zaara,"$2,863,026"
2005,Star Wars: Episode III - Revenge of the Sith,"$380,270,577"
2005,Harry Potter and the Goblet of Fire,"$273,281,180"
2005,War of the Worlds,"$234,280,354"
2005,"The Chronicles of Narnia: The Lion, the Witch and the Wardrobe","$209,440,087"
2005,Wedding Crashers,"$209,253,921"
2005,Charlie and the Chocolate Factory,"$206,459,076"
2005,Batman Begins,"$205,343,774"
2005,Madagascar,"$193,595,521"
2005,Mr. & Mrs. Smith,"$186,336,279"
2005,Hitch,"$179,495,555"
2005,King Kong,"$158,709,835"
2005,The Longest Yard,"$158,119,460"
2005,Fantastic Four,"$154,696,080"
2005,Meet the Fockers,"$146,401,395"
2005,Chicken Little,"$131,744,998"
2005,Robots,"$128,200,012"
2005,The Pacifier,"$113,086,868"
2005,The 40-Year-Old Virgin,"$109,449,237"
2005,Million Dollar Baby,"$99,649,950"
2005,Walk the Line,"$90,851,004"
2005,Flightplan,"$89,082,220"
2005,Saw II,"$86,996,234"
2005,Monster-in-Law,"$82,931,695"
2005,Are We There Yet?,"$82,674,398"
2005,The Dukes of Hazzard,"$80,270,227"
2005,The Aviator,"$78,521,054"
2005,March of the Penguins,"$77,437,223"
2005,The Ring Two,"$76,231,249"
2005,Constantine,"$75,934,974"
2005,The Exorcism of Emily Rose,"$75,072,454"
2005,Four Brothers,"$74,494,381"
2005,Sin City,"$74,102,841"
2005,The Interpreter,"$72,708,161"
2005,Guess Who,"$68,915,888"
2005,Sahara,"$68,671,925"
2005,Coach Carter,"$67,264,877"
2005,Herbie: Fully Loaded,"$66,023,816"
2005,The Amityville Horror,"$65,233,369"
2005,Sky High,"$63,946,815"
2005,Bewitched,"$63,313,159"
2005,Jarhead,"$62,422,775"
2005,Cinderella Man,"$61,649,911"
2005,Red Eye,"$57,891,803"
2005,White Noise,"$56,386,759"
2005,Be Cool,"$56,046,979"
2005,Wallace & Gromit: The Curse of the Were-Rabbit,"$55,969,163"
2005,Fun with Dick and Jane,"$54,062,538"
2005,Crash,"$53,404,817"
2005,Corpse Bride,"$53,359,111"
2005,Kicking & Screaming,"$52,842,724"
2005,Hide and Seek,"$51,100,486"
2005,The Hitchhiker's Guide to the Galaxy,"$51,085,416"
2005,Sideways,"$50,635,185"
2005,Diary of a Mad Black Woman,"$50,633,099"
2005,"Yours, Mine & Ours","$50,328,659"
2005,Racing Stripes,"$49,772,522"
2005,Miss Congeniality 2: Armed and Fabulous,"$48,478,006"
2005,Just Like Heaven,"$48,318,130"
2005,The Skeleton Key,"$47,907,715"
2005,Kingdom of Heaven,"$47,398,413"
2005,Boogeyman,"$46,752,382"
2005,Cheaper by the Dozen 2,"$45,958,914"
2005,In Good Company,"$45,695,490"
2005,The Legend of Zorro,"$45,383,726"
2005,Must Love Dogs,"$43,894,863"
2005,Transporter 2,"$43,095,856"
2005,Fever Pitch,"$42,071,069"
2005,The Family Stone,"$41,405,336"
2005,The Adventures of Sharkboy and Lavagirl 3-D,"$39,177,708"
2005,The Sisterhood of the Traveling Pants,"$39,053,061"
2005,The Phantom of the Opera,"$38,311,922"
2005,The Brothers Grimm,"$37,917,584"
2005,Beauty Shop,"$36,351,350"
2005,Syriana,"$36,147,858"
2005,The Island,"$35,818,913"
2005,Derailed,"$35,667,597"
2005,Hostage,"$34,636,671"
2005,A Series of Unfortunate Events,"$33,877,477"
2005,The Constant Gardener,"$33,578,235"
2005,Pride & Prejudice,"$33,174,127"
2005,Bad News Bears,"$32,868,349"
2005,In Her Shoes,"$32,828,678"
2005,Because of Winn-Dixie,"$32,647,042"
2005,Dreamer,"$32,605,604"
2005,Stealth,"$32,116,746"
2005,House of Wax,"$32,064,800"
2005,The Wedding Date,"$31,726,995"
2005,Just Friends,"$31,366,561"
2005,A History of Violence,"$31,176,424"
2005,Get Rich or Die Tryin',"$30,783,362"
2005,The Fog,"$29,511,112"
2005,Rent,"$29,008,029"
2005,Doom,"$28,212,337"
2005,Zathura: A Space Adventure,"$28,045,540"
2005,Finding Neverland,"$27,860,541"
2005,xXx: State of the Union,"$26,873,932"
2005,Elizabethtown,"$26,850,433"
2005,Serenity,"$25,514,517"
2005,Dark WaterOriginal Release,"$25,473,352"
2005,Memoirs of a Geisha,"$25,323,884"
2005,Ocean's Twelve,"$25,127,623"
2005,Æon Flux,"$24,845,514"
2005,Rumor Has It...,"$24,739,906"
2005,Unleashed,"$24,537,116"
2005,Elektra,"$24,409,722"
2005,Ice Princess,"$24,402,491"
2005,Lord of War,"$24,149,632"
2005,"Good Night, and Good Luck.","$23,443,621"
2005,Hotel Rwanda,"$23,213,894"
2005,Two for the Money,"$22,991,379"
2005,National Treasure,"$22,886,909"
2005,Prime,"$22,827,153"
2005,Deuce Bigalow: European Gigolo,"$22,400,154"
2005,Hustle & Flow,"$22,202,809"
2005,Fat Albert,"$21,935,948"
2005,A Lot Like Love,"$21,845,719"
2005,Land of the Dead,"$20,700,082"
2005,Assault on Precinct 13,"$20,043,091"
2005,Man of the House,"$19,699,706"
2005,Valiant,"$19,478,106"
2005,Cursed,"$19,298,687"
2005,The Upside of Anger,"$18,763,647"
2005,Into the Blue,"$18,491,661"
2005,North Country,"$18,245,513"
2005,Pooh's Heffalump Movie,"$18,098,433"
2005,Roll Bounce,"$17,372,536"
2005,The Ringer,"$17,265,628"
2005,Kung Fu Hustle,"$17,110,460"
2005,The Devil's Rejects,"$17,044,981"
2005,Son of the Mask,"$17,018,378"
2005,Rebound,"$16,809,014"
2005,The Perfect Man,"$16,535,005"
2005,Spanglish,"$16,240,247"
2005,Waiting...,"$16,124,543"
2005,The Gospel,"$15,778,152"
2005,The Greatest Game Ever Played,"$15,337,393"
2005,The Cave,"$15,007,991"
2005,Broken Flowers,"$13,744,960"
2005,The Honeymooners,"$12,843,849"
2005,The Life Aquatic with Steve Zissou,"$12,659,078"
2005,The Incredibles,"$12,501,327"
2005,The Weather Man,"$12,482,775"
2005,Brokeback Mountain,"$12,427,578"
2005,Munich,"$12,275,660"
2005,Capote,"$11,732,609"
2005,Lords of Dogtown,"$11,273,517"
2005,The Polar Express,"$11,153,453"
2005,Wolf Creek,"$10,561,220"
2005,In the Mix,"$10,223,896"
2005,Domino,"$10,168,709"
2005,The Great Raid,"$10,167,373"
2005,Shopgirl,"$10,063,697"
2005,Cry Wolf,"$10,047,616"
2005,The Polar Express2005 IMAX Release,"$9,643,722"
2005,Darkness,"$9,292,014"
2005,The Producers,"$9,263,542"
2005,The Ice Harvest,"$9,016,782"
2005,An Unfinished Life,"$8,584,261"
2005,The Man,"$8,330,303"
2005,Closer,"$8,229,888"
2005,Mad Hot Ballroom,"$8,046,040"
2005,Aliens of the Deep,"$7,535,409"
2005,Proof,"$7,535,331"
2005,House of Flying Daggers,"$7,485,627"
2005,Space Station 3D,"$7,483,064"
2005,Ladies in Lavender,"$6,765,081"
2005,Bride & Prejudice,"$6,605,592"
2005,Millions,"$6,584,159"
2005,Flight of the Phoenix,"$6,450,040"
2005,The Aristocrats,"$6,360,237"
2005,The Jacket,"$6,303,762"
2005,Magnificent Desolation: Walking on the Moon,"$6,015,875"
2005,Underclassman,"$5,656,612"
2005,Blade: Trinity,"$5,579,963"
2005,Downfall,"$5,509,040"
2005,Beyond the Sea,"$5,307,776"
2005,Alone in the Dark,"$5,178,569"
2005,The Squid and the Whale,"$4,986,790"
2005,Wild Safari - A South African Adventure,"$4,849,356"
2005,Howl's Moving Castle,"$4,711,096"
2005,Ong-Bak: The Thai Warrior,"$4,563,167"
2005,Mindhunters,"$4,480,469"
2005,A Very Long Engagement,"$4,396,424"
2005,The SpongeBob SquarePants Movie,"$4,311,650"
2005,Being Julia,"$4,220,370"
2005,Kiss Kiss Bang Bang,"$4,205,036"
2005,Enron: The Smartest Guys in the Room,"$4,071,700"
2005,Ray,"$4,053,245"
2005,King's Ransom,"$4,008,193"
2005,Kinsey,"$3,928,716"
2005,Me and You and Everyone We Know,"$3,885,134"
2005,Melinda and Melinda,"$3,826,280"
2005,The Merchant of Venice,"$3,719,849"
2005,High Tension,"$3,681,066"
2005,Bad Education,"$3,675,806"
2005,Stay,"$3,626,883"
2005,Born Into Brothels: Calcutta's Red Light Kids,"$3,468,989"
2005,Rize,"$3,336,391"
2005,Grizzly Man,"$3,178,403"
2005,Supercross,"$3,102,550"
2006,Pirates of the Caribbean: Dead Man's Chest,"$423,317,154"
2006,Cars,"$244,082,982"
2006,X-Men: The Last Stand,"$234,362,462"
2006,The Da Vinci Code,"$217,536,138"
2006,Superman Returns,"$200,081,192"
2006,Ice Age 2: The Meltdown,"$195,330,621"
2006,Happy Feet,"$175,967,627"
2006,Over the Hedge,"$155,019,340"
2006,Casino Royale,"$153,531,944"
2006,Talladega Nights: The Ballad of Ricky Bobby,"$148,213,377"
2006,Click,"$137,355,633"
2006,Mission: Impossible III,"$134,029,801"
2006,Borat,"$125,601,414"
2006,The Devil Wears Prada,"$124,740,460"
2006,The Departed,"$120,359,613"
2006,The Break-Up,"$118,703,275"
2006,Night at the Museum,"$115,822,154"
2006,The Pursuit of Happyness,"$98,411,670"
2006,Scary Movie 4,"$90,710,620"
2006,Failure to Launch,"$88,715,192"
2006,Inside Man,"$88,513,495"
2006,Open Season,"$84,303,558"
2006,The Santa Clause 3: The Escape Clause,"$83,549,047"
2006,"The Chronicles of Narnia: The Lion, the Witch and the Wardrobe","$82,270,870"
2006,The Pink Panther,"$82,226,474"
2006,Eight Below,"$81,612,565"
2006,Saw III,"$80,238,724"
2006,Nacho Libre,"$80,197,993"
2006,"You, Me and Dupree","$75,628,110"
2006,Monster House,"$73,661,010"
2006,Jackass Number Two,"$72,778,712"
2006,Barnyard,"$72,637,803"
2006,RV,"$71,726,025"
2006,Brokeback Mountain,"$70,612,954"
2006,V for Vendetta,"$70,511,035"
2006,World Trade Center,"$70,278,893"
2006,Big Momma's House 2,"$70,165,972"
2006,Step Up,"$65,326,375"
2006,Miami Vice,"$63,450,470"
2006,Madea's Family Reunion,"$63,257,940"
2006,The Fast and the Furious: Tokyo Drift,"$62,514,415"
2006,Underworld: Evolution,"$62,318,875"
2006,Flushed Away,"$61,733,119"
2006,Deja Vu,"$61,574,479"
2006,The Shaggy Dog,"$61,123,569"
2006,Poseidon,"$60,674,817"
2006,The Benchwarmers,"$59,843,754"
2006,Little Miss Sunshine,"$59,489,083"
2006,King Kong,"$59,370,190"
2006,Little Man,"$58,645,052"
2006,Curious George,"$58,360,760"
2006,Invincible,"$57,806,056"
2006,Eragon,"$56,420,434"
2006,Fun with Dick and Jane,"$56,270,199"
2006,The Guardian,"$54,957,777"
2006,The Omen,"$54,607,383"
2006,Final Destination 3,"$54,097,021"
2006,Charlotte's Web,"$52,532,601"
2006,The Prestige,"$52,455,154"
2006,The Lake House,"$52,330,111"
2006,Hoodwinked,"$51,386,611"
2006,The Holiday,"$50,029,085"
2006,Firewall,"$48,751,189"
2006,Date Movie,"$48,548,426"
2006,Rocky Balboa,"$47,940,632"
2006,When a Stranger Calls,"$47,860,214"
2006,Hostel,"$47,326,473"
2006,Nanny McPhee,"$47,144,110"
2006,Silent Hill,"$46,982,632"
2006,Apocalypto,"$42,654,236"
2006,Glory Road,"$42,647,449"
2006,Lady in the Water,"$42,285,169"
2006,The Hills Have Eyes,"$41,778,863"
2006,John Tucker Must Die,"$41,011,711"
2006,Stranger Than Fiction,"$40,435,190"
2006,The Illusionist,"$39,770,667"
2006,The Texas Chainsaw Massacre: The Beginning,"$39,505,863"
2006,The Grudge 2,"$39,143,839"
2006,Gridiron Gang,"$38,432,823"
2006,Last Holiday,"$38,399,961"
2006,The Wild,"$37,384,046"
2006,Man of the Year,"$37,327,390"
2006,Dreamgirls,"$37,064,395"
2006,16 Blocks,"$36,895,141"
2006,Cheaper by the Dozen 2,"$36,612,259"
2006,The Nativity Story,"$36,418,000"
2006,Accepted,"$36,323,505"
2006,The Sentinel,"$36,280,697"
2006,Blood Diamond,"$35,726,534"
2006,Munich,"$35,128,025"
2006,The Good Shepherd,"$35,066,495"
2006,Deck the Halls,"$34,753,961"
2006,Take the Lead,"$34,741,730"
2006,Snakes on a Plane,"$34,020,741"
2006,She's the Man,"$33,741,133"
2006,Flags of Our Fathers,"$33,602,376"
2006,Memoirs of a Geisha,"$32,166,624"
2006,United 93,"$31,483,450"
2006,Walk the Line,"$28,668,398"
2006,Employee of the Month,"$28,444,855"
2006,Garfield: A Tail of Two Kitties,"$28,426,747"
2006,The Queen,"$28,191,739"
2006,The Ant Bully,"$28,142,535"
2006,Crank,"$27,838,408"
2006,Stick It,"$26,910,056"
2006,The Descent,"$26,024,456"
2006,We Are Marshall,"$25,128,312"
2006,Thank You for Smoking,"$24,793,509"
2006,Fearless,"$24,637,306"
2006,Clerks II,"$24,148,068"
2006,An Inconvenient Truth,"$23,814,997"
2006,The Wicker Man,"$23,649,127"
2006,The Covenant,"$23,380,495"
2006,Stay Alive,"$23,086,480"
2006,Match Point,"$22,702,604"
2006,The Black Dahlia,"$22,545,080"
2006,My Super Ex-Girlfriend,"$22,530,295"
2006,Lucky Number Slevin,"$22,495,466"
2006,Deep Sea,"$21,973,886"
2006,Rumor Has It...,"$21,730,356"
2006,Waist Deep,"$21,331,895"
2006,ATL,"$21,170,563"
2006,Flicka,"$20,888,606"
2006,A Prairie Home Companion,"$20,342,852"
2006,Pulse,"$20,264,436"
2006,Babel,"$19,825,138"
2006,Beerfest,"$19,185,184"
2006,Akeelah and the Bee,"$18,848,430"
2006,The Marine,"$18,782,953"
2006,The Family Stone,"$18,657,532"
2006,Aquamarine,"$18,597,342"
2006,Ultraviolet,"$18,535,812"
2006,The Ringer,"$18,163,047"
2006,School for Scoundrels,"$17,807,569"
2006,Just My Luck,"$17,326,650"
2006,Annapolis,"$17,127,992"
2006,Capote,"$17,018,375"
2006,Harry Potter and the Goblet of Fire,"$16,731,856"
2006,An American Haunting,"$16,290,949"
2006,Marie Antoinette,"$15,962,471"
2006,Larry the Cable Guy: Health Inspector,"$15,680,099"
2006,See No Evil,"$15,032,800"
2006,Unaccompanied Minors,"$14,993,733"
2006,Tristan + Isolde,"$14,734,633"
2006,Syriana,"$14,676,762"
2006,Everyone's Hero,"$14,523,101"
2006,Hollywoodland,"$14,425,753"
2006,One Night with the King,"$13,394,029"
2006,Friends with Money,"$13,366,989"
2006,Flyboys,"$13,090,630"
2006,How to Eat Fried Worms,"$13,040,390"
2006,Bon Cop Bad Cop,"$12,665,721"
2006,The New World2005 Re-release,"$12,588,149"
2006,Idlewild,"$12,571,185"
2006,The Matador,"$12,555,022"
2006,Freedomland,"$12,512,886"
2006,The Protector,"$12,044,087"
2006,Zoom,"$11,989,328"
2006,End of the Spear,"$11,746,686"
2006,Dave Chappelle's Block Party,"$11,720,590"
2006,The Last Kiss,"$11,614,790"
2006,Something New,"$11,469,090"
2006,Material Girls,"$11,449,638"
2006,Bobby,"$11,034,972"
2006,Black Christmas,"$10,917,918"
2006,Mrs. Henderson Presents,"$10,661,180"
2006,Casanova,"$10,579,075"
2006,Magnificent Desolation: Walking on the Moon,"$10,571,573"
2006,Scoop,"$10,526,261"
2006,The Producers,"$10,134,990"
2006,Facing the Giants,"$10,066,143"
2006,The Fountain,"$9,930,941"
2006,Transamerica,"$8,770,560"
2006,The Nightmare Before Christmas2006 3D Release,"$8,686,272"
2006,Tenacious D in the Pick of Destiny,"$8,311,739"
2006,Hoot,"$8,118,000"
2006,"Good Night, and Good Luck.","$8,114,382"
2006,The Night Listener,"$7,835,046"
2006,Slither,"$7,802,450"
2006,The Return,"$7,750,613"
2006,Doogal,"$7,438,119"
2006,A Good Year,"$7,430,241"
2006,All the King's Men,"$7,221,458"
2006,American Dreamz,"$7,191,830"
2006,Phat Girlz,"$7,061,128"
2006,Crossover,"$7,009,668"
2006,Turistas,"$6,947,433"
2006,Running Scared,"$6,845,051"
2006,Running with Scissors,"$6,754,898"
2006,Grandma's Boy,"$6,090,172"
2006,Basic Instinct 2,"$5,971,336"
2006,Wild Safari - A South African Adventure,"$5,811,433"
2006,Wolf Creek,"$5,626,960"
2006,A Scanner Darkly,"$5,501,616"
2006,Roving Mars,"$5,461,675"
2006,For Your Consideration,"$5,414,596"
2006,Pride & Prejudice,"$5,140,796"
2006,The Three Burials of Melquiades Estrada,"$4,996,040"
2006,The World's Fastest Indian,"$4,971,721"
2006,The Libertine,"$4,790,603"
2007,Spider-Man 3,"$336,530,303"
2007,Shrek the Third,"$322,719,944"
2007,Transformers,"$319,246,193"
2007,Pirates of the Caribbean: At World's End,"$309,420,425"
2007,Harry Potter and the Order of the Phoenix,"$292,004,738"
2007,The Bourne Ultimatum,"$227,471,070"
2007,300,"$210,614,939"
2007,Ratatouille,"$206,445,654"
2007,I Am Legend,"$199,345,154"
2007,The Simpsons Movie,"$183,135,014"
2007,Wild Hogs,"$168,273,171"
2007,Knocked Up,"$148,768,917"
2007,Alvin and the Chipmunks,"$147,077,315"
2007,Rush Hour 3,"$140,121,341"
2007,Night at the Museum,"$135,041,114"
2007,Live Free or Die Hard,"$134,529,403"
2007,National Treasure: Book of Secrets,"$133,263,682"
2007,Fantastic Four: Rise of the Silver Surfer,"$131,921,738"
2007,American Gangster,"$129,078,590"
2007,Bee Movie,"$124,350,490"
2007,Superbad,"$121,463,226"
2007,I Now Pronounce You Chuck & Larry,"$120,059,556"
2007,Hairspray,"$118,868,940"
2007,Blades of Glory,"$118,245,842"
2007,Ocean's Thirteen,"$117,154,724"
2007,Ghost Rider,"$115,802,987"
2007,Enchanted,"$112,144,474"
2007,Evan Almighty,"$100,462,298"
2007,Meet the Robinsons,"$97,822,171"
2007,Norbit,"$95,673,607"
2007,The Game Plan,"$88,814,831"
2007,Bridge to Terabithia,"$82,272,442"
2007,Beowulf,"$81,128,658"
2007,Disturbia,"$80,209,692"
2007,1408,"$71,985,628"
2007,Fred Claus,"$71,350,103"
2007,Dreamgirls,"$66,301,561"
2007,The Pursuit of Happyness,"$65,154,789"
2007,Saw IV,"$63,300,095"
2007,Stomp the Yard,"$61,356,221"
2007,The Golden Compass,"$59,861,000"
2007,Surf's Up,"$58,867,694"
2007,Halloween,"$58,272,029"
2007,Why Did I Get Married?,"$55,204,525"
2007,TMNT,"$54,149,098"
2007,3:10 to Yuma,"$53,606,916"
2007,Resident Evil: Extinction,"$50,648,679"
2007,Music and Lyrics,"$50,572,589"
2007,Are We Done Yet?,"$49,662,533"
2007,This Christmas,"$48,840,289"
2007,Premonition,"$47,852,604"
2007,The Kingdom,"$47,536,778"
2007,Shooter,"$47,003,582"
2007,Dan in Real Life,"$46,864,245"
2007,License to Wed,"$43,799,818"
2007,Underdog,"$43,760,605"
2007,No Reservations,"$43,107,979"
2007,Because I Said So,"$42,674,040"
2007,No Country for Old Men,"$41,615,476"
2007,Epic Movie,"$39,739,367"
2007,30 Days of Night,"$39,569,000"
2007,Hitman,"$39,219,918"
2007,Michael Clayton,"$39,148,591"
2007,Fracture,"$39,012,844"
2007,Charlie Wilson's War,"$38,664,845"
2007,Stardust,"$38,634,938"
2007,Pan's Labyrinth,"$37,065,974"
2007,The Brave One,"$36,793,804"
2007,The Heartbreak Kid,"$36,787,257"
2007,Freedom Writers,"$36,605,602"
2007,Smokin' Aces,"$35,787,686"
2007,The Messengers,"$35,374,833"
2007,The Number 23,"$35,189,000"
2007,Good Luck Chuck,"$35,017,297"
2007,Children of Men,"$34,469,579"
2007,Breach,"$33,231,264"
2007,Zodiac,"$33,080,084"
2007,Balls of Fury,"$32,887,212"
2007,Mr. Bean's Holiday,"$32,589,350"
2007,Daddy's Little Girls,"$31,366,978"
2007,Mr. Magorium's Wonder Emporium,"$31,049,456"
2007,August Rush,"$30,098,712"
2007,Charlotte's Web,"$30,067,167"
2007,28 Weeks Later,"$28,638,916"
2007,We Own the Night,"$28,563,179"
2007,Mr. Brooks,"$28,549,298"
2007,Sweeney Todd: The Demon Barber of Fleet Street,"$28,284,597"
2007,The Queen,"$28,243,685"
2007,Aliens vs. Predator: Requiem,"$28,206,419"
2007,Juno,"$27,926,452"
2007,Hannibal Rising,"$27,670,986"
2007,The Nanny Diaries,"$25,930,652"
2007,Mr. Woodcock,"$25,798,627"
2007,Nancy Drew,"$25,612,520"
2007,The Mist,"$25,300,068"
2007,P.S. I Love You,"$25,290,121"
2007,The Reaping,"$25,126,214"
2007,Grindhouse,"$25,037,897"
2007,The Good Shepherd,"$24,886,340"
2007,Sicko,"$24,540,079"
2007,Across the Universe,"$24,343,673"
2007,Perfect Stranger,"$23,984,949"
2007,Hot Fuzz,"$23,641,691"
2007,War,"$22,486,409"
2007,Rocky Balboa,"$22,330,311"
2007,Happy Feet,"$22,032,690"
2007,Blood Diamond,"$21,651,382"
2007,The Last Mimzy,"$21,501,320"
2007,Amazing Grace,"$21,253,061"
2007,The Hills Have Eyes 2,"$20,804,166"
2007,The Invisible,"$20,578,909"
2007,Reno 911!: Miami,"$20,342,161"
2007,Gone Baby Gone,"$20,263,775"
2007,Reign Over Me,"$19,661,987"
2007,Vacancy,"$19,363,565"
2007,Georgia Rule,"$19,103,072"
2007,Waitress,"$19,074,800"
2007,The Water Horse,"$19,060,024"
2007,Becoming Jane,"$18,667,765"
2007,Eragon,"$18,609,729"
2007,We Are Marshall,"$18,417,052"
2007,Next,"$18,211,013"
2007,Hostel: Part II,"$17,609,452"
2007,Eastern Promises,"$17,266,000"
2007,Into the Wild,"$17,016,349"
2007,Notes on a Scandal,"$16,896,774"
2007,Dead Silence,"$16,809,076"
2007,The Hitcher,"$16,471,663"
2007,Elizabeth: The Golden Age,"$16,383,509"
2007,Happily N'Ever After,"$15,589,393"
2007,Catch and Release,"$15,539,051"
2007,Alpha Dog,"$15,242,450"
2007,Arthur and the Invisibles,"$15,132,763"
2007,The Invasion,"$15,074,191"
2007,Lions for Lambs,"$14,934,940"
2007,The Great Debaters,"$14,692,291"
2007,The Nightmare Before Christmas2008 3D Release,"$14,486,897"
2007,Babel,"$14,477,699"
2007,Awake,"$14,061,840"
2007,The Last King of Scotland,"$13,987,084"
2007,Hot Rod,"$13,938,332"
2007,Firehouse Dog,"$13,932,383"
2007,Casino Royale,"$13,914,016"
2007,The Namesake,"$13,569,248"
2007,Letters from Iwo Jima,"$13,439,713"
2007,The Comebacks,"$13,349,927"
2007,Daddy Day Camp,"$13,235,267"
2007,The Holiday,"$13,195,764"
2007,Walk Hard: The Dewey Cox Story,"$13,075,101"
2007,Shoot 'Em Up,"$12,808,249"
2007,I Think I Love My Wife,"$12,550,605"
2007,Evening,"$12,491,578"
2007,Atonement,"$12,038,713"
2007,The Departed,"$12,024,702"
2007,Deep Sea,"$11,779,806"
2007,Sydney White,"$11,730,515"
2007,The Darjeeling Limited,"$11,688,596"
2007,The Lives of Others,"$11,279,373"
2007,In the Land of Women,"$11,052,958"
2007,The Astronaut Farmer,"$11,003,643"
2007,Dragon Wars: D-War,"$10,976,790"
2007,Primeval,"$10,597,734"
2007,La Vie En Rose,"$10,317,536"
2007,Pathfinder,"$10,232,081"
2007,Bratz,"$10,010,209"
2007,Rendition,"$9,737,921"
2007,Death Sentence,"$9,534,258"
2007,Once,"$9,439,923"
2007,Black Snake Moan,"$9,396,870"
2007,A Mighty Heart,"$9,176,787"
2007,The Seeker: The Dark Is Rising,"$8,794,452"
2007,Death at a Funeral,"$8,579,033"
2007,Apocalypto,"$8,212,399"
2007,Code Name: The Cleaner,"$8,135,361"
2007,Delta Farce,"$8,130,530"
2007,Space Station 3D,"$7,924,229"
2007,Volver,"$7,745,994"
2007,Bella,"$7,604,523"
2007,The Painted Veil,"$7,563,049"
2007,El cantante,"$7,556,712"
2007,Martian Child,"$7,499,980"
2007,I Know Who Killed Me,"$7,498,716"
2007,The Condemned,"$7,371,706"
2007,The Hoax,"$7,164,561"
2007,Pride,"$7,057,600"
2007,Bug,"$7,025,810"
2007,Redline,"$6,881,022"
2007,In the Valley of Elah,"$6,765,023"
2007,Before the Devil Knows You're Dead,"$6,417,429"
2007,The Last Legion,"$5,933,494"
2007,Feel the Noise,"$5,898,393"
2007,The Kite Runner,"$5,849,481"
2007,Sea Monsters: A Prehistoric Adventure,"$5,846,578"
2007,Lucky You,"$5,758,950"
2007,Who's Your Caddy?,"$5,713,425"
2007,Lars and the Real Girl,"$5,695,030"
2007,Magnificent Desolation: Walking on the Moon,"$5,568,672"
2007,Aqua Teen Hunger Force Colon Movie Film for Theaters,"$5,520,131"
2007,Rescue Dawn,"$5,490,423"
2007,The Perfect Holiday,"$5,453,295"
2008,The Dark Knight,"$530,924,926"
2008,Iron Man,"$318,313,199"
2008,Indiana Jones and the Kingdom of the Crystal Skull,"$317,101,119"
2008,Hancock,"$227,946,274"
2008,WALL·E,"$223,790,612"
2008,Kung Fu Panda,"$215,434,591"
2008,Madagascar: Escape 2 Africa,"$175,687,934"
2008,Twilight,"$170,672,975"
2008,Quantum of Solace,"$165,258,802"
2008,Horton Hears a Who!,"$154,529,439"
2008,Sex and the City,"$152,647,258"
2008,Mamma Mia!,"$144,130,063"
2008,The Chronicles of Narnia: Prince Caspian,"$141,621,490"
2008,The Incredible Hulk,"$134,806,913"
2008,Wanted,"$134,508,551"
2008,Get Smart,"$130,319,208"
2008,Juno,"$115,568,813"
2008,Four Christmases,"$114,136,302"
2008,Tropic Thunder,"$110,515,313"
2008,Bolt,"$105,380,479"
2008,The Mummy: Tomb of the Dragon Emperor,"$102,491,776"
2008,Journey to the Center of the Earth,"$101,704,370"
2008,Eagle Eye,"$101,198,986"
2008,Step Brothers,"$100,468,793"
2008,You Don't Mess with the Zohan,"$100,018,837"
2008,"10,000 BC","$94,784,201"
2008,Beverly Hills Chihuahua,"$93,034,296"
2008,The Bucket List,"$92,719,141"
2008,High School Musical 3: Senior Year,"$89,682,061"
2008,Pineapple Express,"$87,341,380"
2008,National Treasure: Book of Secrets,"$86,700,433"
2008,21,"$81,159,365"
2008,What Happens in Vegas,"$80,277,646"
2008,Jumper,"$80,172,128"
2008,Cloverfield,"$80,048,433"
2008,27 Dresses,"$76,808,654"
2008,Hellboy II: The Golden Army,"$75,986,503"
2008,Marley & Me,"$72,444,071"
2008,Vantage Point,"$72,266,306"
2008,The Spiderwick Chronicles,"$71,195,053"
2008,Alvin and the Chipmunks,"$70,249,659"
2008,Fool's Gold,"$70,231,041"
2008,The Day the Earth Stood Still,"$67,286,845"
2008,Role Models,"$66,367,815"
2008,Hannah Montana and Miley Cyrus: Best of Both Worlds Concert,"$65,281,781"
2008,The Happening,"$64,506,874"
2008,Forgetting Sarah Marshall,"$63,172,463"
2008,Baby Mama,"$60,494,212"
2008,Burn After Reading,"$60,355,347"
2008,Yes Man,"$60,029,690"
2008,Step Up 2: The Streets,"$58,016,931"
2008,I Am Legend,"$57,047,856"
2008,Saw V,"$56,746,769"
2008,Bedtime Stories,"$56,700,912"
2008,The Curious Case of Benjamin Button,"$52,666,148"
2008,The Strangers,"$52,597,610"
2008,The Forbidden Kingdom,"$52,075,270"
2008,The House Bunny,"$48,237,389"
2008,Nim's Island,"$48,006,762"
2008,Made of Honor,"$46,012,734"
2008,Seven Pounds,"$45,938,985"
2008,College Road Trip,"$45,610,425"
2008,Australia,"$45,135,608"
2008,The Sisterhood of the Traveling Pants 2,"$44,089,964"
2008,Speed Racer,"$43,945,766"
2008,Prom Night,"$43,869,350"
2008,Rambo,"$42,754,105"
2008,"Welcome Home, Roscoe Jenkins","$42,436,517"
2008,Meet the Browns,"$41,975,388"
2008,Nights in Rodanthe,"$41,745,871"
2008,Valkyrie,"$40,901,858"
2008,Max Payne,"$40,662,868"
2008,Righteous Kill,"$40,081,410"
2008,There Will Be Blood,"$39,858,999"
2008,Lakeview Terrace,"$39,263,506"
2008,Body of Lies,"$39,203,583"
2008,Atonement,"$38,888,354"
2008,Meet the Spartans,"$38,233,676"
2008,Harold & Kumar Escape from Guantanamo Bay,"$38,108,728"
2008,First Sunday,"$37,931,869"
2008,The Secret Life of Bees,"$37,443,851"
2008,The Family That Preys,"$37,105,289"
2008,Death Race,"$36,316,032"
2008,Changeling,"$35,598,217"
2008,Star Wars: The Clone Wars,"$35,161,554"
2008,The Tale of Despereaux,"$34,019,390"
2008,Semi-Pro,"$33,540,654"
2008,Fireproof,"$33,185,636"
2008,Drillbit Taylor,"$32,862,104"
2008,No Country for Old Men,"$32,712,541"
2008,"Definitely, Maybe","$32,241,649"
2008,The Love Guru,"$32,235,793"
2008,Quarantine,"$31,691,811"
2008,Transporter 3,"$31,675,631"
2008,Nick and Norah's Infinite Playlist,"$31,487,293"
2008,The Eye,"$31,418,697"
2008,Leatherheads,"$31,373,938"
2008,Zack and Miri Make a Porno,"$31,213,743"
2008,Mirrors,"$30,691,439"
2008,Space Chimps,"$30,105,968"
2008,The Bank Job,"$30,060,660"
2008,Untraceable,"$28,687,835"
2008,P.S. I Love You,"$28,405,687"
2008,Charlie Wilson's War,"$27,996,250"
2008,The Women,"$26,902,075"
2008,One Missed Call,"$26,890,041"
2008,The Other Boleyn Girl,"$26,814,957"
2008,Street Kings,"$26,418,667"
2008,Shutter,"$25,928,550"
2008,Superhero Movie,"$25,874,034"
2008,W.,"$25,534,493"
2008,Never Back Down,"$24,850,922"
2008,Sweeney Todd: The Demon Barber of Fleet Street,"$24,613,476"
2008,Traitor,"$23,530,831"
2008,Vicky Cristina Barcelona,"$22,772,748"
2008,Babylon A.D.,"$22,532,572"
2008,Slumdog Millionaire,"$22,227,362"
2008,The Water Horse,"$21,886,231"
2008,The X Files: I Want to Believe,"$20,982,478"
2008,Mad Money,"$20,668,843"
2008,Appaloosa,"$20,072,553"
2008,Igor,"$19,445,931"
2008,My Best Friend's Girl,"$19,219,250"
2008,Kit Kittredge: An American Girl,"$17,657,973"
2008,The Ruins,"$17,432,844"
2008,88 Minutes,"$17,213,467"
2008,Swing Vote,"$16,289,867"
2008,Pride and Glory,"$15,740,721"
2008,Enchanted,"$15,662,788"
2008,The Great Debaters,"$15,544,116"
2008,Bangkok Dangerous,"$15,298,133"
2008,Milk,"$14,594,325"
2008,Sea Monsters: A Prehistoric Adventure,"$14,470,286"
2008,Disaster Movie,"$14,190,901"
2008,The Duchess,"$13,848,978"
2008,Aliens vs. Predator: Requiem,"$13,590,647"
2008,The Haunting of Molly Hartley,"$13,482,372"
2008,Ghost Town,"$13,367,624"
2008,The Spirit,"$13,067,406"
2008,Religulous,"$13,011,160"
2008,The Pirates Who Don't Do Anything: A VeggieTales Movie,"$12,981,269"
2008,Under the Same Moon,"$12,590,147"
2008,Fly Me to the Moon 3D,"$12,518,732"
2008,Miss Pettigrew Lives for a Day,"$12,313,694"
2008,Soul Men,"$12,017,328"
2008,Doubt,"$11,810,755"
2008,Meet Dave,"$11,803,254"
2008,The Longshots,"$11,537,046"
2008,Be Kind Rewind,"$11,184,916"
2008,Doomsday,"$11,008,770"
2008,Stop-Loss,"$10,915,744"
2008,The Golden Compass,"$10,244,179"
2008,Rachel Getting Married,"$10,104,295"
2008,Penelope,"$10,011,996"
2008,The Kite Runner,"$9,950,597"
2008,Michael Clayton,"$9,885,291"
2008,The Express,"$9,793,406"
2008,U2 3D,"$9,642,269"
2008,Smart People,"$9,511,289"
2008,The Visitor,"$9,427,089"
2008,The Boy in the Striped Pajamas,"$8,721,222"
2008,Sex Drive,"$8,402,485"
2008,Punisher: War Zone,"$8,050,977"
2008,Miracle at St. Anna,"$7,919,117"
2008,City of Ember,"$7,849,215"
2008,Cadillac Records,"$7,844,196"
2008,In Bruges,"$7,800,824"
2008,Expelled: No Intelligence Allowed,"$7,644,696"
2008,Over Her Dead Body,"$7,564,149"
2008,Nothing Like the Holidays,"$7,163,279"
2008,How She Move,"$7,070,641"
2008,An American Carol,"$7,013,191"
2008,The Orphanage,"$6,897,589"
2008,Strange Wilderness,"$6,575,282"
2008,Brideshead Revisited,"$6,432,256"
2008,The Rocker,"$6,409,528"
2008,Tell No One,"$6,143,704"
2008,Run Fatboy Run,"$6,003,262"
2008,Gran Torino,"$5,881,093"
2008,Mongol: The Rise of Genghis Khan,"$5,705,761"
2008,RocknRolla,"$5,700,626"
2008,Shine a Light,"$5,505,267"
2008,The Counterfeiters,"$5,488,570"
2008,Walk Hard: The Dewey Cox Story,"$5,242,050"
2008,Dolphins and Whales 3D: Tribes of the Ocean,"$5,215,033"
2008,The Diving Bell and the Butterfly,"$5,101,666"
2008,Hamlet 2,"$4,886,216"
2008,Magnificent Desolation: Walking on the Moon,"$4,875,063"
2008,The Savages,"$4,808,372"
2008,In the Name of the King: A Dungeon Siege Tale,"$4,774,473"
2008,College,"$4,694,636"
2008,Deception,"$4,598,506"
2008,Flash of Genius,"$4,442,377"
2008,Space Station 3D,"$4,397,599"
2008,Frost/Nixon,"$4,369,220"
2008,Persepolis,"$4,310,455"
2008,Witless Protection,"$4,161,625"
2008,Bottle Shock,"$4,078,607"
2008,Young@Heart,"$3,992,189"
2008,Charlie Bartlett,"$3,951,699"
2009,Transformers: Revenge of the Fallen,"$402,111,870"
2009,Harry Potter and the Half-Blood Prince,"$301,959,197"
2009,Up,"$293,004,164"
2009,The Twilight Saga: New Moon,"$284,512,392"
2009,Avatar,"$283,624,210"
2009,The Hangover,"$277,322,503"
2009,Star Trek,"$257,730,019"
2009,Monsters vs. Aliens,"$198,351,526"
2009,Ice Age: Dawn of the Dinosaurs,"$196,573,705"
2009,The Blind Side,"$196,563,318"
2009,X-Men Origins: Wolverine,"$179,883,157"
2009,Night at the Museum: Battle of the Smithsonian,"$177,243,721"
2009,The Proposal,"$163,958,031"
2009,2012,"$162,349,001"
2009,Fast & Furious,"$155,064,265"
2009,G.I. Joe: The Rise of Cobra,"$150,201,498"
2009,Paul Blart: Mall Cop,"$146,336,178"
2009,Taken,"$145,000,989"
2009,Gran Torino,"$142,214,209"
2009,A Christmas Carol,"$136,889,051"
2009,Angels & Demons,"$133,375,846"
2009,Terminator Salvation,"$125,322,469"
2009,Cloudy with a Chance of Meatballs,"$123,910,697"
2009,Alvin and the Chipmunks: The Squeakquel,"$120,727,282"
2009,Inglourious Basterds,"$120,540,719"
2009,G-Force,"$119,436,770"
2009,Slumdog Millionaire,"$119,092,566"
2009,District 9,"$115,646,235"
2009,Couples Retreat,"$108,297,465"
2009,Paranormal Activity,"$107,792,845"
2009,Watchmen,"$107,509,799"
2009,Sherlock Holmes,"$102,102,956"
2009,Public Enemies,"$97,104,620"
2009,Julie & Julia,"$94,125,426"
2009,He's Just Not That Into You,"$93,953,653"
2009,Madea Goes to Jail,"$90,508,336"
2009,The Ugly Truth,"$88,915,214"
2009,Knowing,"$79,957,634"
2009,Hannah Montana: The Movie,"$79,576,189"
2009,Where the Wild Things Are,"$76,301,979"
2009,The Princess and the Frog,"$76,035,028"
2009,Zombieland,"$75,590,286"
2009,Coraline,"$75,286,229"
2009,The Curious Case of Benjamin Button,"$74,843,178"
2009,Hotel for Dogs,"$73,034,460"
2009,Law Abiding Citizen,"$72,764,227"
2009,This Is It,"$72,091,016"
2009,"I Love You, Man","$71,440,011"
2009,Marley & Me,"$70,709,680"
2009,Obsessed,"$68,261,644"
2009,Race to Witch Mountain,"$67,172,594"
2009,The Final Destination,"$66,477,700"
2009,The Taking of Pelham 123,"$65,452,312"
2009,Friday the 13th,"$65,002,019"
2009,17 Again,"$64,167,069"
2009,The Time Traveler's Wife,"$63,414,846"
2009,Brüno,"$60,054,530"
2009,Bride Wars,"$58,715,510"
2009,The Haunting in Connecticut,"$55,389,516"
2009,Ghosts of Girlfriends Past,"$55,250,026"
2009,Bedtime Stories,"$53,401,063"
2009,Funny People,"$51,855,045"
2009,I Can Do Bad All by Myself,"$51,733,921"
2009,My Bloody Valentine,"$51,545,952"
2009,Land of the Lost,"$49,438,370"
2009,My Sister's Keeper,"$49,200,230"
2009,Old Dogs,"$46,528,573"
2009,Underworld: Rise of the Lycans,"$45,802,315"
2009,Confessions of a Shopaholic,"$44,277,350"
2009,Year One,"$43,337,279"
2009,The Unborn,"$42,670,410"
2009,Precious,"$42,567,989"
2009,Valkyrie,"$42,175,975"
2009,Drag Me to Hell,"$42,100,625"
2009,Orphan,"$41,596,251"
2009,Duplicity,"$40,572,825"
2009,It's Complicated,"$40,375,875"
2009,Planet 51,"$39,410,558"
2009,Surrogates,"$38,577,772"
2009,Yes Man,"$37,661,286"
2009,Ninja Assassin,"$37,303,465"
2009,State of Play,"$37,017,955"
2009,Notorious,"$36,843,682"
2009,The Pink Panther 2,"$35,922,978"
2009,All About Steve,"$33,862,903"
2009,Up in the Air,"$33,655,213"
2009,Halloween II,"$33,392,973"
2009,The Informant!,"$33,316,821"
2009,The Last House on the Left,"$32,752,215"
2009,The Reader,"$32,519,680"
2009,500 Days of Summer,"$32,391,374"
2009,Earth,"$32,011,576"
2009,The Men Who Stare at Goats,"$31,976,937"
2009,Push,"$31,811,527"
2009,9,"$31,749,894"
2009,The Soloist,"$31,720,158"
2009,Toy Story2009 Re-release,"$30,702,446"
2009,The Stepfather,"$29,062,561"
2009,Defiance,"$28,619,576"
2009,The Uninvited,"$28,596,818"
2009,Saw VI,"$27,693,292"
2009,Invictus,"$26,677,133"
2009,Brothers,"$26,222,779"
2009,Dance Flick,"$25,662,155"
2009,The International,"$25,450,527"
2009,The Fourth Kind,"$25,396,720"
2009,Aliens in the Attic,"$25,200,412"
2009,The Wrestler,"$25,068,864"
2009,Seven Pounds,"$24,012,839"
2009,Observe and Report,"$24,007,324"
2009,Fighting,"$23,091,010"
2009,Love Happens,"$22,965,110"
2009,Revolutionary Road,"$22,598,011"
2009,Fame,"$22,455,510"
2009,Twilight,"$22,096,878"
2009,Doubt,"$21,635,715"
2009,Shorts,"$20,919,166"
2009,Gamer,"$20,534,907"
2009,Did You Hear About the Morgans?,"$20,380,046"
2009,Astro Boy,"$19,377,871"
2009,Under the Sea 3D,"$19,352,570"
2009,Jonas Brothers: The 3D Concert Experience,"$19,162,740"
2009,Fantastic Mr. Fox,"$18,644,556"
2009,The Invention of Lying,"$18,451,251"
2009,Inkheart,"$17,303,424"
2009,Milk,"$17,246,974"
2009,Fired Up!,"$17,231,291"
2009,The Tale of Despereaux,"$16,857,755"
2009,New in Town,"$16,734,283"
2009,Jennifer's Body,"$16,204,793"
2009,Imagine That,"$16,123,323"
2009,Adventureland,"$16,044,025"
2009,A Perfect Getaway,"$15,515,460"
2009,Armored,"$15,498,240"
2009,"The Goods: Live Hard, Sell Hard","$15,122,676"
2009,Ponyo,"$15,090,399"
2009,The Box,"$15,025,279"
2009,"I Love You, Beth Cooper","$14,800,725"
2009,Last Chance Harvey,"$14,681,035"
2009,Capitalism: A Love Story,"$14,363,397"
2009,Frost/Nixon,"$14,252,811"
2009,Amelia,"$14,207,978"
2009,Cirque du Freak: The Vampire's Assistant,"$13,869,515"
2009,Crank: High Voltage,"$13,684,249"
2009,Whip It,"$13,043,363"
2009,The Hurt Locker,"$12,671,105"
2009,12 Rounds,"$12,234,694"
2009,The Day the Earth Stood Still,"$12,080,133"
2009,Sunshine Cleaning,"$12,062,558"
2009,Sorority Row,"$11,965,282"
2009,Extract,"$10,823,158"
2009,Not Easily Broken,"$10,572,742"
2009,Pandorum,"$10,330,853"
2009,Whiteout,"$10,274,617"
2009,Next Day Air,"$10,027,047"
2009,Nine,"$9,844,753"
2009,The Boondock Saints II: All Saints Day,"$9,839,784"
2009,Away We Go,"$9,451,946"
2009,Dragonball: Evolution,"$9,362,785"
2009,Everybody's Fine,"$9,208,876"
2009,A Serious Man,"$9,098,436"
2009,Street Fighter: The Legend of Chun-Li,"$8,742,261"
2009,Bolt,"$8,673,100"
2009,My Life in Ruins,"$8,665,206"
2009,Pirate Radio,"$7,949,556"
2009,The Collector,"$7,712,114"
2009,An Education,"$7,611,690"
2009,Taking Woodstock,"$7,460,204"
2009,The Spirit,"$6,738,782"
2009,Post Grad,"$6,380,019"
2009,The Road,"$6,315,678"
2009,Four Christmases,"$6,009,738"
2009,Coco Before Chanel,"$5,977,223"
2009,Whatever Works,"$5,306,706"
2009,Bandslam,"$5,210,988"
2009,Moon,"$5,010,163"
2009,Miss March,"$4,543,320"
2009,Magnificent Desolation: Walking on the Moon,"$4,468,568"
2009,Bright Star,"$4,444,637"
2009,Australia,"$4,418,394"
2009,"Food, Inc.","$4,417,674"
2009,Madagascar: Escape 2 Africa,"$4,323,016"
2009,Good Hair,"$4,144,599"
2009,The September Issue,"$3,815,372"
2009,The Class,"$3,607,666"
2009,The Brothers Bloom,"$3,531,756"
2009,Space Station 3D,"$3,273,055"
2009,3 Idiots,"$3,264,664"
2009,Two Lovers,"$3,149,034"
2009,Quantum of Solace,"$3,109,625"
2009,Chéri,"$2,715,657"
2009,Rachel Getting Married,"$2,692,542"
2009,Easy Virtue,"$2,656,784"
2009,Sin Nombre,"$2,536,665"
2009,My One and Only,"$2,479,538"
2009,Love Aaj Kal,"$2,430,083"
2009,The Dark Knight,"$2,420,432"
2009,In the Loop,"$2,388,804"
2009,Sea Monsters: A Prehistoric Adventure,"$2,372,748"
2009,Adam,"$2,277,396"
2010,Avatar,"$466,141,929"
2010,Toy Story 3,"$415,004,880"
2010,Alice in Wonderland,"$334,191,110"
2010,Iron Man 2,"$312,433,331"
2010,The Twilight Saga: Eclipse,"$300,531,751"
2010,Inception,"$292,558,188"
2010,Harry Potter and the Deathly Hallows: Part 1,"$280,230,127"
2010,Despicable Me,"$251,083,040"
2010,Shrek Forever After,"$238,736,787"
2010,How to Train Your Dragon,"$217,581,231"
2010,The Karate Kid,"$176,591,618"
2010,Clash of the Titans,"$163,214,888"
2010,Grown Ups,"$162,001,186"
2010,Tangled,"$161,284,390"
2010,Megamind,"$143,767,792"
2010,The Last Airbender,"$131,772,187"
2010,Shutter Island,"$128,012,934"
2010,The Other Guys,"$119,219,978"
2010,Salt,"$118,311,368"
2010,Tron: Legacy,"$117,540,071"
2010,Jackass 3D,"$117,052,883"
2010,Valentine's Day,"$110,485,654"
2010,Sherlock Holmes,"$106,925,723"
2010,Robin Hood,"$105,269,730"
2010,The Expendables,"$103,068,524"
2010,Due Date,"$98,935,039"
2010,Alvin and the Chipmunks: The Squeakquel,"$98,887,330"
2010,Date Night,"$98,711,404"
2010,Sex and the City 2,"$95,347,692"
2010,The Book of Eli,"$94,835,059"
2010,The Social Network,"$92,876,282"
2010,The Town,"$92,155,037"
2010,Prince of Persia: The Sands of Time,"$90,759,676"
2010,RED,"$89,296,297"
2010,Percy Jackson & the Olympians: The Lightning Thief,"$88,768,303"
2010,Paranormal Activity 2,"$84,612,342"
2010,Little Fockers,"$84,557,425"
2010,Eat Pray Love,"$80,574,010"
2010,The Chronicles of Narnia: The Voyage of the Dawn Treader,"$80,066,097"
2010,Dear John,"$80,014,842"
2010,Unstoppable,"$79,104,757"
2010,The A-Team,"$77,222,099"
2010,Knight and DayOriginal Release,"$76,423,035"
2010,Dinner for Schmucks,"$73,026,337"
2010,It's Complicated,"$72,359,500"
2010,True Grit,"$70,420,123"
2010,The Bounty Hunter,"$67,061,228"
2010,Diary of a Wimpy Kid,"$64,003,625"
2010,The Sorcerer's Apprentice,"$63,150,991"
2010,A Nightmare on Elm Street,"$63,075,011"
2010,The Last Song,"$62,950,384"
2010,The Wolfman,"$61,979,680"
2010,Get Him to the Greek,"$60,974,475"
2010,Resident Evil: Afterlife,"$60,128,566"
2010,Why Did I Get Married Too?,"$60,095,852"
2010,Tooth Fairy,"$60,022,256"
2010,The Blind Side,"$59,396,157"
2010,Secretariat,"$58,876,848"
2010,Easy A,"$58,401,464"
2010,Takers,"$57,744,720"
2010,Yogi Bear,"$57,418,550"
2010,Legend of the Guardians: The Owls of Ga'Hoole,"$55,486,413"
2010,Letters to Juliet,"$53,032,453"
2010,Life as We Know It,"$52,727,343"
2010,Wall Street: Money Never Sleeps,"$52,474,616"
2010,Predators,"$52,000,688"
2010,Hot Tub Time Machine,"$50,287,556"
2010,Up in the Air,"$50,168,168"
2010,The Tourist,"$49,966,965"
2010,Kick-Ass,"$48,071,303"
2010,Killers,"$47,059,963"
2010,Cop Out,"$44,875,481"
2010,Saw 3D,"$44,010,178"
2010,The Lovely Bones,"$43,795,809"
2010,Cats & Dogs: The Revenge of Kitty Galore,"$43,585,753"
2010,Edge of Darkness,"$43,313,890"
2010,Death at a Funeral,"$42,739,347"
2010,Step Up 3D,"$42,400,223"
2010,The Last Exorcism,"$41,034,350"
2010,Black Swan,"$40,866,343"
2010,Legion,"$40,168,080"
2010,The Crazies,"$39,123,589"
2010,The Fighter,"$39,041,794"
2010,Crazy Heart,"$38,983,106"
2010,For Colored Girls,"$37,669,584"
2010,The Back-up Plan,"$37,490,007"
2010,Burlesque,"$37,403,047"
2010,Vampires Suck,"$36,661,504"
2010,The American,"$35,606,376"
2010,Green Zone,"$35,053,660"
2010,Marmaduke,"$33,644,788"
2010,Devil,"$33,601,190"
2010,Hereafter,"$32,684,455"
2010,When in Rome,"$32,680,633"
2010,She's Out of My League,"$32,010,860"
2010,Scott Pilgrim vs. the World,"$31,524,275"
2010,Charlie St. Cloud,"$31,162,545"
2010,Love & Other Drugs,"$31,099,481"
2010,Morning Glory,"$30,727,814"
2010,Daybreakers,"$30,101,577"
2010,Nanny McPhee and the Big Bang,"$29,011,215"
2010,The Princess and the Frog,"$28,365,871"
2010,The Switch,"$27,779,426"
2010,Brooklyn's Finest,"$27,163,593"
2010,Machete,"$26,593,646"
2010,Ramona and Beezus,"$26,167,002"
2010,Leap Year,"$25,918,920"
2010,You Again,"$25,702,053"
2010,Alpha and Omega,"$25,107,267"
2010,Piranha 3D,"$25,003,155"
2010,Lottery Ticket,"$24,719,879"
2010,The Spy Next Door,"$24,307,086"
2010,From Paris with Love,"$24,077,427"
2010,The Losers,"$23,591,432"
2010,Faster,"$22,799,866"
2010,How Do You Know,"$21,808,891"
2010,Just Wright,"$21,540,363"
2010,Skyline,"$21,394,120"
2010,Gulliver's Travels,"$21,121,717"
2010,The Next Three Days,"$21,102,239"
2010,The Kids Are All Right,"$20,811,365"
2010,Our Family Wedding,"$20,255,281"
2010,Hubble 3D,"$20,069,368"
2010,Oceans,"$19,422,319"
2010,Remember Me,"$19,068,240"
2010,Going the Distance,"$17,804,299"
2010,The King's Speech,"$17,674,034"
2010,Furry Vengeance,"$17,630,465"
2010,Splice2010 Re-release,"$17,010,170"
2010,The Ghost Writer,"$15,541,549"
2010,Youth in Revolt,"$15,281,286"
2010,My Soul to Take,"$14,744,435"
2010,Repo Men,"$13,794,835"
2010,Case 39,"$13,261,851"
2010,Let Me In,"$12,134,935"
2010,The Twilight Saga: New Moon,"$12,111,242"
2010,Extraordinary Measures,"$12,068,313"
2010,Invictus,"$10,814,231"
2010,Avatar2010 Special Edition,"$10,741,486"
2010,Jonah Hex,"$10,547,117"
2010,127 Hours,"$10,203,228"
2010,The Girl with the Dragon Tattoo,"$10,092,799"
2010,Nine,"$9,832,212"
2010,Did You Hear About the Morgans?,"$9,200,041"
2010,Get Low,"$9,110,406"
2010,Fair Game,"$9,048,389"
2010,The Young Victoria,"$9,031,882"
2010,MacGruber,"$8,525,600"
2010,A Single Man,"$7,931,309"
2010,The Girl Who Played with Fire,"$7,635,737"
2010,Cyrus,"$7,468,936"
2010,Babies,"$7,320,323"
2010,The Imaginarium of Doctor Parnassus,"$7,028,622"
2010,Conviction2010 Re-release,"$6,783,129"
2010,City Island,"$6,671,036"
2010,The Last Station,"$6,617,867"
2010,Waiting for Superman,"$6,417,135"
2010,The Secret in Their Eyes,"$6,391,436"
2010,It's Kind of a Funny Story,"$6,363,628"
2010,Winter's Bone,"$6,243,745"
2010,Under the Sea 3D,"$5,894,782"
2010,The Warrior's Way,"$5,559,395"
2010,I Am Love,"$5,005,465"
2010,Precious,"$4,998,535"
2010,The Girl Who Kicked the Hornet's Nest,"$4,990,497"
2010,An Education,"$4,963,224"
2010,Mao's Last Dancer,"$4,817,770"
2010,Solitary Man,"$4,360,548"
2010,Greenberg,"$4,234,170"
2010,Please Give,"$4,033,574"
2010,My Name Is Khan,"$4,018,771"
2010,To Save a Life,"$3,777,210"
2010,2012,"$3,763,166"
2010,The Runaways,"$3,573,673"
2010,Broken Embraces,"$3,431,551"
2010,Inside Job,"$3,409,430"
2010,Lebanon,"$3,368,088"
2010,Exit Through the Gift Shop,"$3,291,250"
2010,3 Idiots,"$3,268,210"
2010,Catfish,"$3,237,343"
2010,You Will Meet a Tall Dark Stranger,"$3,225,989"
2010,Chloe,"$3,075,255"
2010,Old Dogs,"$2,963,487"
2010,Joan Rivers: A Piece of Work,"$2,930,687"
2010,Letters to God,"$2,848,578"
2010,Planet 51,"$2,783,781"
2010,The Hurt Locker,"$2,705,895"
2010,N-Secure,"$2,595,644"
2010,Magnificent Desolation: Walking on the Moon,"$2,512,796"
2010,Never Let Me Go,"$2,434,652"
2010,Twilight/New MoonDouble Bill,"$2,385,237"
2010,Fantastic Mr. Fox,"$2,358,363"
2010,Brothers,"$2,321,378"
2010,The White Ribbon,"$2,222,862"
2010,A Prophet,"$2,087,720"
2010,Tamara Drewe,"$1,907,257"
2010,Harry Brown,"$1,818,681"
2010,Stone,"$1,810,078"
2010,The Road,"$1,798,592"
2010,Flipped,"$1,755,212"
